id_cliente,nombre,apellido,tipo_plan,segmento,edad,sexo
1,Feliciana,Garrido,prepago,corporativo,67,F
2,Dani,Ropero,prepago,residencial,63,M
3,Amador,Sanmiguel,postpago,corporativo,43,M
4,Manuela,Gracia,prepago,corporativo,65,F
5,Leonardo,Riba,prepago,residencial,26,F
6,Jose Ignacio,Nicolau,prepago,corporativo,60,F
7,Jacinto,Santana,prepago,residencial,25,F
8,Emilio,Pujadas,prepago,corporativo,65,F
9,Maite,Ricart,postpago,residencial,32,M
10,Cristian,Bustamante,prepago,residencial,46,M
11,Inmaculada,Milla,prepago,corporativo,68,F
12,Manu,Roldán,prepago,residencial,62,M
13,Tecla,Milla,prepago,corporativo,28,F
14,Caridad,Jara,prepago,residencial,24,M
15,Chucho,Perelló,prepago,corporativo,31,F
16,Dominga,Corominas,prepago,residencial,50,M
17,Telmo,Sánchez,postpago,corporativo,43,M
18,Amílcar,Bautista,prepago,residencial,68,F
19,Amor,Bou,postpago,residencial,39,M
20,Ciro,Blázquez,postpago,corporativo,69,F
21,Isaías,Buendía,prepago,corporativo,53,M
22,Joan,Rosales,prepago,corporativo,57,M
23,Anselma,Bárcena,postpago,residencial,62,F
24,Eligia,Peralta,postpago,residencial,61,F
25,Amando,Castillo,postpago,corporativo,63,F
26,Chelo,Barreda,prepago,corporativo,21,F
27,Heliodoro,Murcia,prepago,corporativo,28,F
28,Lilia,Carvajal,postpago,corporativo,42,F
29,Florentina,Reig,prepago,residencial,58,F
30,Judith,Otero,prepago,corporativo,18,M
31,Caridad,Rocha,postpago,residencial,69,M
32,Simón,Aznar,prepago,residencial,23,F
33,Isidro,Maestre,postpago,corporativo,70,M
34,Vidal,Miguel,postpago,corporativo,27,M
35,Dolores,Ortiz,postpago,corporativo,48,F
36,Leopoldo,Calleja,prepago,corporativo,56,F
37,Nydia,Vera,postpago,residencial,45,F
38,Ruth,Garcia,prepago,corporativo,23,M
39,Adolfo,Cortes,postpago,corporativo,22,F
40,Martina,Toledo,prepago,residencial,34,M
41,Noelia,Gomez,postpago,corporativo,32,M
42,Feliciano,Campoy,postpago,residencial,41,M
43,José,Ordóñez,prepago,residencial,23,M
44,Telmo,Pedrero,prepago,residencial,56,M
45,Noé,Cardona,prepago,residencial,20,M
46,Leopoldo,Lopez,prepago,residencial,64,F
47,Fabricio,Gonzalo,postpago,residencial,42,F
48,Ildefonso,Romeu,prepago,residencial,43,M
49,María Carmen,Amo,prepago,residencial,57,M
50,Nicodemo,Lastra,prepago,residencial,59,M
51,Cristian,Andres,postpago,residencial,51,F
52,Cirino,Escribano,postpago,corporativo,36,F
53,Ricardo,Llano,postpago,residencial,63,F
54,Cleto,Mendizábal,postpago,residencial,56,M
55,Plinio,Nicolás,prepago,corporativo,21,F
56,Rebeca,Orozco,postpago,residencial,67,F
57,Omar,Aguado,postpago,residencial,70,F
58,Elisabet,Escudero,prepago,residencial,29,F
59,Juan Luis,Clemente,postpago,corporativo,58,F
60,Noemí,Pérez,prepago,corporativo,49,M
61,Armando,Baños,prepago,corporativo,46,M
62,Luna,Cifuentes,prepago,corporativo,18,F
63,Ángel,Anglada,prepago,residencial,30,M
64,Brunilda,Bravo,postpago,residencial,60,F
65,Edelmiro,Garrido,postpago,residencial,69,M
66,Ágata,Peñalver,postpago,corporativo,51,F
67,Reyes,Rivas,prepago,corporativo,36,F
68,Cayetano,Santiago,postpago,residencial,30,F
69,Carmina,Nogueira,prepago,corporativo,20,M
70,Lázaro,Criado,prepago,residencial,68,M
71,Paula,Pelayo,prepago,corporativo,56,F
72,Eusebia,Mesa,postpago,residencial,50,F
73,Esperanza,Morata,postpago,residencial,51,M
74,Sonia,Blazquez,postpago,residencial,62,F
75,Rosalva,Badía,prepago,residencial,32,M
76,Porfirio,Cortés,prepago,residencial,57,M
77,Crescencia,Criado,postpago,residencial,28,F
78,Gregorio,Ayala,prepago,corporativo,61,F
79,Julie,Bilbao,postpago,residencial,20,M
80,Buenaventura,Lladó,postpago,corporativo,41,M
81,Artemio,Salazar,postpago,corporativo,33,M
82,Gisela,Rodrigo,prepago,residencial,59,F
83,Javier,Torralba,postpago,corporativo,18,M
84,María Teresa,Salamanca,prepago,corporativo,28,F
85,Luis Miguel,Ribas,prepago,corporativo,23,M
86,Cebrián,Llano,postpago,corporativo,35,F
87,Rita,Garriga,postpago,corporativo,67,M
88,Joan,Vila,postpago,corporativo,43,F
89,Roxana,Carbonell,postpago,residencial,40,F
90,Cosme,Ochoa,prepago,corporativo,60,F
91,Ricardo,Ropero,prepago,corporativo,43,F
92,Leopoldo,Cantero,postpago,corporativo,43,F
93,Wilfredo,Luque,prepago,corporativo,55,F
94,Fabiola,Torrecilla,prepago,corporativo,30,F
95,Perlita,Águila,prepago,corporativo,51,F
96,Pánfilo,Mendez,prepago,residencial,18,M
97,Fermín,Arroyo,prepago,residencial,65,M
98,Raimundo,Giménez,postpago,corporativo,63,F
99,Pedro,Prats,prepago,residencial,22,F
100,Hugo,Ballesteros,postpago,residencial,23,M
101,Herminia,Aguilera,postpago,corporativo,53,F
102,Juanito,Fuente,postpago,corporativo,36,M
103,Judith,Mata,postpago,residencial,64,M
104,Isabela,Galván,prepago,corporativo,53,F
105,Flora,Cervantes,prepago,corporativo,55,M
106,Calixto,Jaume,postpago,residencial,40,F
107,Emelina,Mancebo,postpago,residencial,40,F
108,Fabiola,Mosquera,prepago,corporativo,70,M
109,Francisco Javier,Carretero,postpago,residencial,35,M
110,Bibiana,Aguilera,postpago,corporativo,32,M
111,Luisina,Valencia,prepago,corporativo,56,F
112,Jose Ignacio,Ros,postpago,corporativo,30,F
113,Fernando,Echevarría,prepago,corporativo,47,M
114,Óscar,Castelló,postpago,corporativo,43,F
115,Reynaldo,Pinto,prepago,corporativo,54,F
116,Julián,Grau,prepago,residencial,18,F
117,Ángela,Vall,postpago,residencial,34,M
118,Felicidad,Pablo,prepago,residencial,29,M
119,Javiera,Bello,prepago,residencial,44,M
120,Cecilia,Puerta,postpago,corporativo,50,M
121,Isidoro,Arnal,prepago,residencial,24,F
122,Isidora,Rubio,prepago,residencial,53,F
123,Moreno,Alfonso,postpago,residencial,22,M
124,Pía,Segura,postpago,corporativo,50,F
125,María Jesús,Bermejo,prepago,corporativo,36,M
126,Maura,Millán,prepago,residencial,39,F
127,Basilio,Román,postpago,corporativo,25,M
128,Jenaro,Quiroga,postpago,corporativo,69,M
129,Paca,Rios,prepago,corporativo,50,F
130,Amílcar,Mancebo,prepago,residencial,34,M
131,Noa,Cardona,prepago,residencial,52,M
132,Maximiano,Quirós,prepago,residencial,70,M
133,Salvador,Almansa,prepago,residencial,68,F
134,Julio,Morcillo,postpago,corporativo,54,F
135,Blas,Duarte,prepago,corporativo,34,F
136,Héctor,Seguí,prepago,corporativo,62,M
137,Xiomara,Paredes,prepago,corporativo,46,F
138,Claudia,Borja,postpago,residencial,42,M
139,Sarita,Rueda,prepago,residencial,54,M
140,Lina,Camacho,postpago,residencial,48,F
141,Maxi,Hervia,postpago,corporativo,67,M
142,Ibán,Ruano,prepago,corporativo,33,F
143,Gabriela,Pérez,prepago,corporativo,66,M
144,Angelina,Zamora,postpago,corporativo,39,M
145,Ruy,Bermúdez,postpago,residencial,67,M
146,Soledad,Priego,postpago,residencial,47,F
147,Yaiza,Menéndez,postpago,corporativo,61,F
148,Fernanda,Nicolás,postpago,corporativo,47,F
149,Álvaro,Giralt,prepago,residencial,55,F
150,Eric,Mínguez,prepago,corporativo,19,F
151,Juan Manuel,Diéguez,prepago,corporativo,48,M
152,Emilio,Benito,prepago,residencial,25,F
153,Jose Manuel,Vicens,postpago,corporativo,34,F
154,Marcela,Carbonell,prepago,corporativo,22,F
155,Chelo,Viana,prepago,corporativo,42,F
156,Bárbara,Ferrera,prepago,residencial,58,M
157,Juan José,Olmedo,prepago,corporativo,68,F
158,Margarita,Ortega,prepago,residencial,32,M
159,Daniela,Coloma,prepago,corporativo,61,F
160,Tiburcio,Guzman,prepago,corporativo,62,F
161,Tomasa,Calderon,prepago,residencial,32,F
162,Dalila,Coll,prepago,residencial,69,F
163,Sabas,Jaén,postpago,residencial,38,M
164,Porfirio,Figueroa,prepago,corporativo,44,M
165,Isidoro,Durán,prepago,corporativo,40,F
166,Emiliano,Coronado,postpago,residencial,51,F
167,Araceli,Benet,postpago,corporativo,52,F
168,Ana,Elorza,prepago,corporativo,18,F
169,Ciriaco,Uribe,prepago,residencial,62,F
170,Marisol,Simó,postpago,corporativo,34,F
171,Asdrubal,Sanchez,prepago,corporativo,33,M
172,Rosalinda,Moraleda,postpago,residencial,36,F
173,Damián,Molina,postpago,residencial,23,F
174,Ezequiel,Corbacho,prepago,residencial,43,F
175,Eulalia,Sabater,prepago,corporativo,61,M
176,Feliciano,Bayo,prepago,residencial,65,M
177,Mónica,Somoza,postpago,residencial,70,F
178,Irma,Salamanca,postpago,residencial,39,M
179,Telmo,Mateo,postpago,corporativo,22,F
180,Débora,Llobet,postpago,residencial,53,M
181,Bernardo,Barbero,postpago,residencial,29,M
182,Rogelio,Ortiz,prepago,residencial,48,M
183,Rico,Vera,prepago,corporativo,38,M
184,Débora,Benavent,prepago,residencial,40,F
185,Adelina,Menéndez,postpago,corporativo,31,M
186,Benigna,Serrano,postpago,residencial,54,M
187,José,Sans,prepago,corporativo,35,F
188,Carolina,Arellano,prepago,corporativo,29,F
189,Rosalinda,Barberá,prepago,corporativo,65,M
190,Aitor,Peinado,prepago,residencial,61,F
191,Irma,Madrid,postpago,corporativo,30,F
192,Lorena,Benítez,prepago,residencial,49,M
193,Darío,Bosch,postpago,corporativo,65,M
194,Isabel,Vendrell,prepago,residencial,30,M
195,Sonia,Planas,postpago,residencial,33,M
196,Brunilda,Sevillano,postpago,residencial,65,M
197,Maricela,Armengol,prepago,corporativo,33,M
198,Juanito,Sandoval,prepago,corporativo,34,M
199,María José,Fabra,postpago,corporativo,31,M
200,Felipa,Montoya,prepago,residencial,32,M
201,Noé,Tamarit,prepago,residencial,30,M
202,Dani,Vallejo,prepago,residencial,33,F
203,Lázaro,Contreras,prepago,residencial,57,M
204,Trinidad,Barrio,prepago,corporativo,40,M
205,Fausto,Sanjuan,prepago,corporativo,27,M
206,Wilfredo,Calderón,postpago,corporativo,67,F
207,Abraham,Nuñez,postpago,corporativo,24,F
208,Lorenza,Blasco,postpago,residencial,25,F
209,Sara,Vargas,prepago,residencial,23,M
210,Loida,Duque,postpago,residencial,61,F
211,Juan José,Ariza,prepago,corporativo,60,F
212,Angelita,Huguet,prepago,corporativo,49,F
213,María Belén,Río,postpago,corporativo,57,F
214,Gaspar,Saavedra,prepago,residencial,18,F
215,Anunciación,Zamora,postpago,corporativo,66,M
216,Ximena,Yáñez,postpago,residencial,52,M
217,Curro,Cuenca,postpago,residencial,20,F
218,Sabina,Pascual,postpago,corporativo,48,M
219,Eufemia,Peralta,postpago,residencial,41,F
220,Marc,Luna,postpago,residencial,57,F
221,Prudencia,Ponce,prepago,residencial,38,F
222,Feliciana,Rebollo,prepago,corporativo,49,M
223,Anunciación,Neira,postpago,corporativo,54,F
224,Emelina,Badía,prepago,corporativo,35,F
225,Heliodoro,Nadal,prepago,residencial,49,M
226,Ezequiel,Bastida,prepago,corporativo,29,F
227,Raúl,Murcia,postpago,corporativo,66,M
228,María Belén,Busquets,prepago,residencial,50,F
229,Felix,Pomares,prepago,residencial,35,M
230,Calista,Luz,postpago,residencial,43,F
231,Melania,Iniesta,prepago,residencial,32,M
232,Ágata,Conesa,prepago,corporativo,66,F
233,Bernarda,Mínguez,prepago,corporativo,54,M
234,Zaida,Bertrán,prepago,corporativo,26,M
235,Aarón,Cid,prepago,residencial,21,F
236,Elena,Olmo,prepago,residencial,51,M
237,Moisés,Menéndez,prepago,residencial,69,M
238,Amaya,Pou,postpago,residencial,45,F
239,Alejo,Castelló,prepago,residencial,48,F
240,Dani,Blazquez,prepago,corporativo,52,M
241,Úrsula,Menendez,prepago,residencial,20,M
242,Primitivo,Peñas,prepago,residencial,50,M
243,Selena,Moya,postpago,corporativo,40,M
244,Paz,Castell,postpago,residencial,43,F
245,Noemí,Zurita,postpago,corporativo,61,F
246,Marino,Bueno,prepago,residencial,67,M
247,Jose,Roda,postpago,corporativo,29,F
248,Bautista,Verdugo,prepago,corporativo,47,M
249,Jose Angel,Paredes,postpago,residencial,25,M
250,Selena,Alfaro,postpago,corporativo,62,M
251,Claudia,Pareja,prepago,residencial,51,F
252,Cayetano,Mendizábal,postpago,residencial,47,F
253,Che,Escribano,postpago,residencial,38,M
254,Lupita,Gargallo,postpago,residencial,62,F
255,Amalia,Noguera,prepago,residencial,18,F
256,Olalla,Torre,prepago,residencial,18,M
257,Bruno,Fernandez,postpago,residencial,61,F
258,Martirio,Gonzalo,prepago,corporativo,31,F
259,Berta,Cervantes,prepago,residencial,42,F
260,María Dolores,Cortina,prepago,residencial,55,F
261,Edgardo,Berenguer,postpago,corporativo,24,M
262,Eduardo,Marqués,prepago,residencial,38,M
263,Georgina,Cadenas,postpago,residencial,41,M
264,Aitana,Vera,prepago,corporativo,57,F
265,Carmela,Zurita,prepago,residencial,34,F
266,Fito,Arellano,postpago,residencial,29,M
267,Juan Manuel,Navarro,postpago,residencial,53,F
268,Belén,Castro,prepago,residencial,34,F
269,Salud,Peñas,postpago,corporativo,33,F
270,Elvira,Correa,postpago,residencial,35,F
271,Teo,Cámara,prepago,residencial,48,M
272,Héctor,Escrivá,postpago,residencial,57,M
273,Úrsula,Daza,prepago,residencial,39,F
274,Calista,Río,prepago,residencial,41,F
275,Marisol,Arranz,postpago,corporativo,29,M
276,Luna,Reig,prepago,corporativo,49,F
277,Jenny,Pastor,prepago,corporativo,45,F
278,Herberto,Gámez,prepago,corporativo,31,M
279,Leyre,Saldaña,postpago,residencial,44,M
280,Mateo,López,postpago,corporativo,62,M
281,Sabas,Sanchez,prepago,residencial,66,F
282,Hilda,Guillén,postpago,residencial,41,M
283,Florentina,Haro,prepago,corporativo,41,F
284,Raúl,Mendoza,postpago,residencial,43,F
285,Urbano,Somoza,postpago,residencial,35,M
286,Trinidad,Ferrera,postpago,corporativo,46,F
287,Asunción,Pedro,prepago,residencial,29,F
288,Vito,Saez,prepago,corporativo,54,M
289,Dionisio,Serrano,postpago,residencial,26,F
290,Jose Miguel,Luján,postpago,corporativo,54,M
291,Jafet,Piña,prepago,residencial,61,M
292,Bernardo,Valverde,prepago,residencial,32,M
293,Nilo,Álamo,postpago,corporativo,70,M
294,Alfonso,Riquelme,prepago,residencial,24,M
295,Dionisia,Cáceres,postpago,residencial,64,M
296,Casandra,Flores,prepago,residencial,35,F
297,Jeremías,Chacón,postpago,residencial,69,F
298,Dionisia,Ibáñez,postpago,corporativo,33,M
299,Isidro,Azorin,prepago,residencial,53,F
300,Adrián,Terrón,prepago,corporativo,45,F
301,Calisto,Pera,prepago,corporativo,42,F
302,Laura,Calderon,prepago,corporativo,30,M
303,Evangelina,Villalobos,prepago,residencial,27,M
304,Benigno,Casanovas,postpago,corporativo,69,F
305,Jenaro,López,prepago,corporativo,65,M
306,Borja,Blanes,postpago,residencial,27,F
307,Vicenta,Cueto,prepago,residencial,48,M
308,Amílcar,Llamas,prepago,residencial,69,F
309,Rosalina,Sancho,postpago,corporativo,18,M
310,Natalio,Vilanova,postpago,corporativo,29,M
311,Calisto,Colom,prepago,corporativo,44,F
312,Aroa,Ruiz,postpago,residencial,49,M
313,Jordán,Bravo,prepago,corporativo,26,M
314,León,Girona,prepago,corporativo,58,M
315,Haydée,Sanmartín,prepago,residencial,51,M
316,Amalia,Olmedo,postpago,residencial,52,M
317,Iker,Amor,postpago,residencial,64,F
318,Calista,Ribera,prepago,residencial,38,M
319,Eligio,Baeza,prepago,corporativo,68,F
320,Loreto,Prieto,prepago,residencial,49,M
321,Sofía,Vallés,prepago,corporativo,37,M
322,Concepción,Pereira,postpago,residencial,34,M
323,Corona,Gutiérrez,prepago,corporativo,53,M
324,Ainara,Polo,prepago,residencial,54,M
325,Jose Carlos,Bilbao,postpago,residencial,21,M
326,Milagros,Perera,postpago,corporativo,43,F
327,Ainara,Gomez,prepago,corporativo,24,M
328,Noemí,Anaya,postpago,corporativo,62,F
329,Santos,Montalbán,prepago,residencial,28,M
330,Goyo,Cabeza,prepago,residencial,21,M
331,Ciríaco,Naranjo,postpago,residencial,31,M
332,Cleto,Coll,prepago,residencial,70,M
333,Genoveva,Cervantes,postpago,corporativo,34,F
334,Tomás,Arenas,prepago,residencial,48,M
335,Paulino,Madrid,prepago,residencial,58,M
336,Teo,Sureda,postpago,residencial,24,M
337,Segismundo,Chamorro,postpago,corporativo,46,F
338,Adelia,Somoza,postpago,residencial,65,F
339,Rosario,Sanabria,prepago,residencial,39,F
340,Luisina,Adadia,prepago,residencial,34,F
341,Baltasar,Bernad,prepago,corporativo,41,M
342,Ignacia,Alfonso,prepago,residencial,41,M
343,Francisca,Jaén,postpago,corporativo,53,F
344,Flavia,Garriga,postpago,corporativo,53,M
345,Clímaco,Conde,postpago,corporativo,69,M
346,Benjamín,Álamo,prepago,residencial,34,M
347,Samuel,Rocha,postpago,corporativo,40,F
348,Luisa,Cantero,postpago,corporativo,19,M
349,Norberto,Maldonado,postpago,corporativo,44,M
350,Nereida,Gámez,postpago,corporativo,25,F
351,Rosalva,Mascaró,prepago,corporativo,40,M
352,César,Carro,prepago,residencial,61,F
353,Jose Ramón,Asenjo,postpago,residencial,56,M
354,Gregorio,Gómez,prepago,residencial,30,F
355,Goyo,Rivas,postpago,corporativo,54,M
356,Brunilda,Sebastián,prepago,residencial,54,F
357,Vidal,Barros,prepago,corporativo,59,M
358,Enrique,Cantero,postpago,corporativo,59,M
359,Telmo,Valero,postpago,residencial,52,M
360,Gervasio,Alegre,postpago,residencial,29,M
361,León,Villalba,postpago,corporativo,67,F
362,Óscar,Herranz,prepago,corporativo,36,M
363,Josep,Cobo,postpago,residencial,40,M
364,Sandra,Manuel,prepago,residencial,38,F
365,Águeda,Román,postpago,residencial,61,M
366,Carlos,Abellán,prepago,corporativo,50,M
367,Venceslás,Osorio,postpago,corporativo,49,M
368,Nuria,Hernandez,prepago,corporativo,67,M
369,Rosalva,Riera,prepago,residencial,65,M
370,Roberta,Exposito,postpago,corporativo,46,F
371,Carmelita,Boada,postpago,corporativo,23,F
372,Clímaco,Zabaleta,prepago,corporativo,42,F
373,Aureliano,Palomo,postpago,residencial,57,M
374,Florinda,Bauzà,postpago,residencial,36,M
375,Calixta,Zorrilla,prepago,corporativo,47,M
376,Piedad,Vera,postpago,residencial,58,F
377,Albino,Vera,postpago,corporativo,27,F
378,Ciro,Almagro,postpago,residencial,28,F
379,Ángeles,Portero,postpago,residencial,58,M
380,Marisa,Soriano,postpago,residencial,69,M
381,Reina,Arranz,postpago,residencial,39,M
382,Jordi,Pombo,prepago,residencial,44,M
383,Flavio,Perea,prepago,corporativo,58,F
384,Santos,Izaguirre,postpago,residencial,57,M
385,Amalia,Alegre,postpago,residencial,54,F
386,Alicia,Palau,prepago,residencial,43,F
387,Ignacio,Bauzà,postpago,corporativo,22,F
388,Rosaura,Ochoa,postpago,residencial,23,M
389,Salvador,Hernando,prepago,corporativo,28,M
390,Vanesa,Calleja,postpago,corporativo,39,M
391,Benigno,Márquez,postpago,residencial,32,M
392,Fidel,Cañellas,prepago,corporativo,38,M
393,Reynaldo,Arregui,postpago,corporativo,38,F
394,Abilio,Ortuño,postpago,residencial,59,M
395,Rosario,Nevado,postpago,corporativo,36,F
396,Juan Manuel,Díez,postpago,corporativo,63,M
397,Ángeles,Sobrino,postpago,residencial,35,F
398,Miguela,Tejero,prepago,corporativo,56,M
399,Milagros,Esparza,postpago,residencial,59,M
400,Wálter,Cepeda,prepago,residencial,43,M
401,Lucho,Barroso,prepago,corporativo,35,M
402,Teo,Seco,postpago,residencial,46,F
403,Josefina,Arco,postpago,residencial,67,F
404,Lupe,Marcos,prepago,corporativo,41,M
405,Miguela,Fortuny,prepago,residencial,65,M
406,Cayetana,Arranz,postpago,corporativo,55,M
407,Gisela,Flores,prepago,corporativo,51,M
408,Lina,Arnaiz,prepago,residencial,46,F
409,Amanda,Moles,prepago,residencial,44,F
410,Fabián,Menéndez,prepago,corporativo,28,M
411,Goyo,Villalba,prepago,corporativo,29,F
412,Manu,Puig,prepago,residencial,19,F
413,Isaac,Sáenz,postpago,residencial,26,F
414,Bautista,Isern,prepago,corporativo,64,F
415,Cruz,Arce,postpago,residencial,33,M
416,Magdalena,Feijoo,postpago,corporativo,60,M
417,Candela,Macias,prepago,residencial,34,M
418,Benjamín,Palau,postpago,corporativo,65,M
419,Mariana,Asenjo,postpago,corporativo,62,M
420,Mauricio,Mármol,postpago,residencial,65,M
421,Baudelio,Llano,prepago,residencial,23,F
422,Aureliano,Casanova,prepago,residencial,31,M
423,Daniela,Pedro,prepago,residencial,28,M
424,Albina,Rueda,prepago,residencial,43,M
425,Ani,Páez,postpago,residencial,24,F
426,Zaira,Sabater,prepago,residencial,24,F
427,Reyna,Pomares,prepago,corporativo,22,F
428,Bernarda,Nicolau,postpago,corporativo,48,M
429,Fausto,Estévez,prepago,corporativo,53,F
430,Baudelio,Valderrama,prepago,corporativo,21,M
431,Apolonia,Valencia,prepago,residencial,19,M
432,Cecilio,Pedrero,postpago,corporativo,67,F
433,Renata,Vives,prepago,residencial,43,M
434,Gilberto,Lasa,postpago,corporativo,51,M
435,Bruno,Blanch,postpago,residencial,66,M
436,Dulce,Rodriguez,postpago,corporativo,23,F
437,Borja,Bermúdez,postpago,residencial,24,M
438,Imelda,Ros,postpago,residencial,34,F
439,Rosalva,Escribano,prepago,corporativo,57,M
440,Joel,Marin,postpago,corporativo,27,M
441,Sancho,Montesinos,postpago,residencial,23,F
442,Dimas,Calderon,postpago,residencial,59,F
443,Tania,Bernal,prepago,corporativo,42,M
444,Clotilde,Mosquera,postpago,residencial,37,F
445,Jose Manuel,Marqués,postpago,corporativo,32,M
446,Cristina,Medina,prepago,residencial,33,M
447,Dorotea,Salmerón,postpago,corporativo,65,F
448,Aníbal,Rojas,postpago,corporativo,36,M
449,Estefanía,Diaz,prepago,residencial,46,F
450,Ceferino,Saldaña,postpago,corporativo,58,F
451,Simón,Ortega,prepago,residencial,26,M
452,Gema,Salvador,postpago,residencial,26,F
453,Dalila,Arnal,postpago,residencial,51,M
454,Clara,Osorio,postpago,corporativo,28,F
455,Azeneth,Royo,prepago,residencial,19,F
456,Maximiano,Llobet,prepago,corporativo,20,M
457,Juan Carlos,Barceló,prepago,corporativo,60,F
458,Hernando,Benavides,prepago,corporativo,40,M
459,Haydée,Ramis,postpago,residencial,38,M
460,Lilia,Parra,prepago,residencial,48,M
461,Mauricio,Vilalta,prepago,corporativo,47,F
462,Jorge,Cuesta,prepago,corporativo,52,M
463,Juan Manuel,Anguita,postpago,corporativo,35,M
464,Ruy,Clavero,postpago,corporativo,53,F
465,Eleuterio,Ríos,postpago,corporativo,46,F
466,Hilda,Arana,postpago,residencial,26,F
467,Filomena,Cases,postpago,residencial,62,M
468,Marcelo,Bautista,prepago,corporativo,52,F
469,Zacarías,Guzman,prepago,residencial,29,M
470,Maximiano,Pazos,postpago,residencial,55,F
471,Úrsula,Paredes,postpago,residencial,56,M
472,Maricruz,Piñol,prepago,residencial,47,M
473,Camilo,Antúnez,postpago,corporativo,58,M
474,Agapito,Corral,postpago,corporativo,65,M
475,Álvaro,Sandoval,prepago,residencial,58,F
476,Ester,Peláez,postpago,corporativo,54,F
477,Chus,Peral,postpago,residencial,45,M
478,Cornelio,Saldaña,postpago,corporativo,51,F
479,Candelario,Benítez,postpago,corporativo,58,F
480,Brígida,Cervantes,prepago,corporativo,58,F
481,Ignacio,Ávila,postpago,corporativo,52,M
482,Antonia,Pedraza,prepago,residencial,37,F
483,Juan Manuel,Puig,postpago,corporativo,40,M
484,Eligio,Miralles,postpago,residencial,48,M
485,Paco,Lopez,postpago,residencial,52,F
486,Socorro,Iborra,prepago,corporativo,32,F
487,Bruno,Carballo,postpago,residencial,69,M
488,Serafina,Amo,postpago,residencial,23,M
489,Jose Ignacio,Estrada,postpago,residencial,46,M
490,Rafael,Valera,prepago,residencial,37,F
491,Lucas,Villaverde,postpago,corporativo,41,M
492,Fausto,Pombo,prepago,corporativo,44,M
493,Urbano,Carranza,prepago,residencial,34,F
494,Perla,Juárez,postpago,residencial,27,M
495,Candelaria,Juliá,prepago,residencial,37,F
496,Juliana,Salmerón,prepago,residencial,18,F
497,Marciano,Garmendia,postpago,residencial,18,F
498,Emma,Machado,prepago,residencial,51,M
499,Noemí,Tudela,postpago,corporativo,70,F
500,Francisca,Folch,prepago,corporativo,66,F
501,Benigna,Casado,prepago,residencial,26,M
502,Adán,Cerdá,postpago,residencial,40,M
503,Guadalupe,Benavent,postpago,corporativo,36,M
504,Olga,Sans,postpago,residencial,48,F
505,Casandra,Duque,prepago,corporativo,52,M
506,Marcelino,Salgado,postpago,residencial,18,M
507,Gracia,Bonilla,postpago,corporativo,62,F
508,Cristóbal,Montenegro,postpago,residencial,49,F
509,Selena,Olivera,postpago,residencial,66,M
510,Eloy,Barón,postpago,residencial,48,M
511,Juan Luis,Manrique,postpago,residencial,37,M
512,David,Marín,postpago,residencial,18,F
513,Tania,Criado,prepago,corporativo,67,F
514,Custodio,Dávila,postpago,residencial,45,M
515,Manuelita,Pardo,prepago,residencial,69,F
516,Carolina,Verdugo,prepago,corporativo,36,M
517,Fabricio,Gomez,postpago,corporativo,56,F
518,Lalo,Carrión,prepago,corporativo,32,F
519,Lope,Font,prepago,residencial,68,M
520,Elodia,Chamorro,prepago,corporativo,18,F
521,Humberto,Guzmán,prepago,corporativo,53,M
522,Liliana,Uribe,prepago,corporativo,41,F
523,Olegario,Amo,prepago,residencial,30,F
524,Herminio,Paniagua,prepago,residencial,44,M
525,Jacinta,Peinado,prepago,corporativo,53,M
526,Fabiana,Solsona,prepago,residencial,45,F
527,Reyna,Castilla,prepago,corporativo,43,F
528,Juan Luis,Boix,postpago,corporativo,33,M
529,Anselma,Bastida,prepago,residencial,28,F
530,Amaya,Mendoza,prepago,corporativo,63,F
531,José,Puig,postpago,residencial,65,F
532,Vicenta,Tejero,postpago,corporativo,59,M
533,Vilma,Zaragoza,postpago,residencial,42,M
534,Raquel,Reig,prepago,residencial,42,F
535,Aurelio,Recio,prepago,corporativo,32,M
536,Cirino,Benavent,prepago,residencial,34,F
537,Fabiana,Casares,postpago,corporativo,23,M
538,Teo,Molins,prepago,corporativo,45,M
539,Paula,Benavent,prepago,residencial,58,F
540,Leonel,Sandoval,postpago,residencial,33,F
541,Arsenio,Solano,postpago,corporativo,51,F
542,Abraham,Villar,postpago,residencial,66,M
543,Nazario,Ocaña,prepago,corporativo,69,F
544,María Manuela,Castellanos,prepago,corporativo,57,F
545,Eladio,Espada,prepago,corporativo,69,M
546,Febe,Castelló,prepago,corporativo,62,M
547,Juan Francisco,Roselló,postpago,residencial,61,M
548,Felix,Valverde,prepago,corporativo,35,M
549,Manuela,Baquero,prepago,corporativo,36,F
550,Vasco,Casanova,postpago,corporativo,59,M
551,Carmen,Villegas,postpago,residencial,65,M
552,Julieta,Coronado,postpago,corporativo,52,F
553,Teófilo,Mateu,prepago,corporativo,69,M
554,Chelo,Cózar,postpago,residencial,35,M
555,Agapito,Cáceres,prepago,corporativo,44,F
556,Dani,Mora,postpago,residencial,30,F
557,Carlos,Gomis,postpago,corporativo,22,F
558,Sol,Oliva,prepago,residencial,29,F
559,Jessica,Villena,postpago,corporativo,26,F
560,Vera,Luz,postpago,corporativo,36,M
561,Eustaquio,Bermúdez,postpago,residencial,25,M
562,Caridad,Iglesia,prepago,corporativo,58,F
563,Andrés Felipe,Ferrándiz,postpago,corporativo,47,F
564,Perlita,Llobet,prepago,corporativo,57,F
565,Rafael,Casares,postpago,residencial,46,F
566,Dafne,Mateo,postpago,residencial,35,M
567,Carmina,Bueno,postpago,residencial,62,F
568,Eusebio,Valverde,postpago,corporativo,57,F
569,Tito,Domingo,postpago,residencial,49,F
570,Edu,Correa,postpago,corporativo,30,F
571,Ariel,Donoso,prepago,corporativo,38,M
572,Mario,Nebot,prepago,corporativo,19,M
573,Pánfilo,Armengol,postpago,corporativo,27,F
574,Trini,Andrade,postpago,corporativo,21,M
575,Natividad,Bertrán,prepago,residencial,52,M
576,Rosalinda,Arroyo,postpago,residencial,19,F
577,Aníbal,Landa,postpago,corporativo,29,M
578,Trini,Galvez,postpago,corporativo,24,F
579,Pepito,Riera,prepago,residencial,36,M
580,Humberto,Anglada,postpago,residencial,35,M
581,Isabel,Valenciano,postpago,corporativo,26,M
582,Josep,Manjón,prepago,corporativo,63,F
583,Griselda,Matas,postpago,corporativo,46,M
584,Cristian,Tomas,prepago,corporativo,64,M
585,Paulino,Hierro,postpago,corporativo,18,F
586,Melisa,Ramis,postpago,residencial,32,M
587,Charo,Martorell,postpago,residencial,23,M
588,Soledad,Santana,postpago,residencial,27,M
589,Sandra,Beltran,postpago,residencial,18,F
590,Santos,Barreda,prepago,corporativo,49,F
591,Estela,Cruz,prepago,corporativo,31,M
592,Maribel,Sabater,prepago,residencial,39,F
593,Fabián,Ricart,prepago,corporativo,44,F
594,Ángela,Tomé,postpago,corporativo,37,F
595,Jordi,Sobrino,postpago,residencial,68,F
596,Rosaura,Frías,prepago,corporativo,69,M
597,Fermín,Nieto,postpago,residencial,49,F
598,Nereida,Cobo,postpago,corporativo,41,M
599,Obdulia,Milla,postpago,corporativo,47,M
600,Galo,Montaña,prepago,residencial,62,M
601,Socorro,Ojeda,prepago,residencial,68,M
602,Seve,Pujadas,postpago,corporativo,20,F
603,Amador,Castrillo,prepago,corporativo,39,F
604,Gastón,Pellicer,postpago,residencial,23,F
605,Maite,Villa,prepago,residencial,66,F
606,Ámbar,Camino,postpago,corporativo,27,F
607,Nazaret,Montaña,postpago,corporativo,21,F
608,Micaela,Herranz,postpago,residencial,35,F
609,Sergio,Soler,postpago,corporativo,67,F
610,Nidia,Carvajal,postpago,corporativo,43,M
611,Haydée,Lastra,postpago,residencial,22,F
612,Rosario,Sancho,postpago,residencial,52,M
613,Macaria,Huguet,postpago,corporativo,48,F
614,Obdulia,Chico,postpago,residencial,29,M
615,Jose Ramón,Caballero,postpago,residencial,30,F
616,Juanito,Ayuso,postpago,residencial,34,F
617,Feliciano,Manrique,prepago,corporativo,70,F
618,Mirta,Plana,prepago,residencial,42,M
619,Judith,Ripoll,prepago,corporativo,18,M
620,Cándido,Hurtado,postpago,corporativo,25,F
621,Roberto,Cuesta,prepago,corporativo,67,F
622,Salud,Morán,prepago,corporativo,63,F
623,Antonio,Milla,prepago,residencial,33,M
624,Rosa María,Falcó,prepago,corporativo,42,M
625,Adoración,Cuervo,postpago,corporativo,67,F
626,Iván,Valentín,postpago,corporativo,46,M
627,Heraclio,Villa,postpago,residencial,33,M
628,Olga,Solera,prepago,residencial,65,M
629,Zaida,Valenzuela,prepago,residencial,20,M
630,Édgar,Mendez,postpago,residencial,30,M
631,Pancho,Valencia,prepago,residencial,47,M
632,Marcos,Alvarado,postpago,corporativo,65,M
633,Otilia,Bosch,prepago,corporativo,67,F
634,Natalia,Pozuelo,postpago,residencial,24,M
635,Salomé,Vega,prepago,corporativo,51,F
636,Javier,Sebastián,prepago,residencial,60,F
637,Jacinto,Hernando,postpago,corporativo,31,F
638,Amado,Garrido,prepago,corporativo,48,M
639,Georgina,Osorio,prepago,corporativo,42,M
640,Guadalupe,Atienza,postpago,residencial,61,M
641,Sabas,Ayuso,prepago,residencial,37,F
642,Nando,Lucena,postpago,corporativo,38,F
643,León,Uría,prepago,residencial,28,M
644,Rosaura,Sosa,prepago,residencial,58,F
645,Buenaventura,Macias,postpago,corporativo,64,F
646,María Teresa,Aguiló,postpago,corporativo,20,M
647,León,Campos,postpago,corporativo,65,F
648,Pascual,Rosa,postpago,corporativo,53,M
649,Felipa,Cañete,postpago,residencial,51,M
650,Araceli,Lamas,prepago,corporativo,25,F
651,Salomón,Paz,prepago,residencial,34,F
652,Iris,Quintana,postpago,corporativo,48,M
653,Pía,Paz,postpago,residencial,58,F
654,Brunilda,Arrieta,prepago,corporativo,37,F
655,Natanael,Pérez,prepago,corporativo,30,M
656,Amaro,Azcona,postpago,corporativo,41,M
657,David,Ferreras,postpago,corporativo,21,F
658,Saturnina,Pareja,prepago,corporativo,60,F
659,Juan Carlos,Malo,prepago,corporativo,31,F
660,Gaspar,Beltrán,prepago,residencial,25,F
661,Custodia,Pomares,prepago,residencial,33,M
662,Juan Manuel,Varela,postpago,residencial,58,F
663,Antonio,Sanjuan,prepago,corporativo,45,F
664,César,Losa,prepago,residencial,38,M
665,Débora,Carrera,prepago,corporativo,18,F
666,Toño,Castells,postpago,residencial,28,M
667,Onofre,Caballero,prepago,corporativo,68,M
668,Luisina,Prada,postpago,corporativo,35,M
669,Miriam,Perea,postpago,residencial,55,F
670,Mauricio,Nicolau,postpago,residencial,25,M
671,Tristán,Pavón,postpago,residencial,43,F
672,Eloísa,Cobos,postpago,corporativo,68,M
673,Ariadna,Flor,postpago,residencial,33,F
674,David,Verdú,prepago,corporativo,18,F
675,Rogelio,Querol,prepago,residencial,20,M
676,Trinidad,Vall,prepago,residencial,55,F
677,Corona,Arjona,prepago,residencial,68,M
678,Goyo,Arrieta,postpago,corporativo,62,M
679,José Manuel,Arias,prepago,residencial,48,M
680,Arsenio,Cerro,prepago,corporativo,62,F
681,Leandra,Mínguez,prepago,residencial,56,M
682,Tristán,Sáez,prepago,corporativo,27,M
683,Abel,Vives,prepago,residencial,41,M
684,Aurora,Saura,prepago,corporativo,67,F
685,Ángela,Company,prepago,corporativo,23,M
686,Noelia,Villalba,postpago,corporativo,33,F
687,Bárbara,Chaves,postpago,corporativo,28,M
688,Jacinta,Mosquera,postpago,corporativo,49,F
689,Loida,Montalbán,postpago,corporativo,23,F
690,Manuela,Cámara,prepago,corporativo,61,M
691,Maite,Pozo,prepago,corporativo,57,F
692,Herminia,Martínez,postpago,residencial,39,F
693,Haroldo,Navarrete,postpago,residencial,66,M
694,Prudencio,Vendrell,postpago,residencial,58,F
695,Tomás,Vergara,prepago,corporativo,21,F
696,Buenaventura,Trillo,prepago,corporativo,21,F
697,Graciana,Marí,postpago,corporativo,40,F
698,Zoraida,Taboada,prepago,residencial,59,M
699,Natalio,Alegria,postpago,corporativo,27,F
700,Estrella,Pedrosa,prepago,residencial,62,F
701,Mauricio,Muñoz,prepago,corporativo,52,F
702,Gracia,Canals,prepago,residencial,68,F
703,Regina,Riera,postpago,residencial,24,F
704,Edelmiro,Mena,prepago,residencial,26,M
705,Lola,Amor,prepago,corporativo,49,M
706,Trinidad,Sánchez,prepago,residencial,32,F
707,Marcelo,Lara,prepago,corporativo,38,F
708,Anunciación,Goñi,postpago,corporativo,53,F
709,Martin,Aznar,postpago,corporativo,68,F
710,Griselda,Tenorio,postpago,corporativo,59,M
711,Sebastian,Donaire,prepago,corporativo,66,F
712,Nacho,Zamora,postpago,residencial,40,F
713,Samuel,Pinto,postpago,corporativo,69,M
714,Josefina,Coloma,postpago,residencial,46,M
715,Manolo,Herrera,postpago,residencial,64,M
716,Casandra,Angulo,postpago,residencial,30,M
717,Edu,Canet,postpago,residencial,19,F
718,Gregorio,Farré,prepago,corporativo,62,F
719,Sosimo,Alfonso,prepago,residencial,42,F
720,Graciana,Sainz,postpago,corporativo,40,M
721,Reynaldo,Mir,postpago,residencial,64,F
722,Inés,Riquelme,postpago,corporativo,26,M
723,Marianela,Cordero,prepago,residencial,34,M
724,Vanesa,Rey,prepago,residencial,20,F
725,Félix,Frías,prepago,corporativo,49,F
726,Encarnación,Reguera,prepago,residencial,63,F
727,Cloe,Valls,postpago,residencial,46,M
728,Marcial,Soto,prepago,residencial,53,F
729,Santiago,Barrios,prepago,corporativo,36,M
730,Carlota,Cervera,postpago,corporativo,52,M
731,Perla,Villena,postpago,corporativo,62,M
732,Aarón,Galan,postpago,corporativo,49,F
733,Marco,Morcillo,prepago,residencial,30,F
734,Luciano,Tejera,postpago,corporativo,54,F
735,Humberto,Zaragoza,postpago,corporativo,29,M
736,Tito,Peñas,prepago,residencial,52,F
737,Mireia,Mir,postpago,corporativo,40,F
738,Cruz,Duran,postpago,residencial,38,F
739,Elvira,Segura,postpago,corporativo,64,F
740,Fátima,Noriega,postpago,residencial,47,M
741,Modesto,Pablo,postpago,residencial,35,M
742,Adela,Lamas,prepago,corporativo,56,M
743,Vasco,Tomé,prepago,corporativo,53,M
744,Vasco,Fernandez,postpago,corporativo,28,F
745,Imelda,Hoz,postpago,residencial,22,F
746,Ignacio,Lorenzo,postpago,residencial,51,F
747,Ariadna,Martín,postpago,corporativo,27,M
748,Ainara,Gomila,postpago,corporativo,46,F
749,Nadia,Martorell,prepago,residencial,36,F
750,Valentina,Malo,postpago,corporativo,70,M
751,Natividad,Galan,prepago,corporativo,34,F
752,Magdalena,Torrijos,postpago,corporativo,52,M
753,Fortunato,Molins,postpago,residencial,41,M
754,Genoveva,Tena,postpago,residencial,47,M
755,Cesar,Oller,prepago,residencial,18,F
756,Loreto,Llanos,postpago,corporativo,67,F
757,Aránzazu,Maestre,prepago,corporativo,58,M
758,Gracia,Carro,postpago,corporativo,50,F
759,Evita,Pino,postpago,residencial,42,F
760,Estefanía,Prat,prepago,corporativo,64,F
761,Nico,Ochoa,prepago,corporativo,29,F
762,Ciro,Coll,postpago,residencial,19,F
763,Olivia,Manrique,postpago,corporativo,57,M
764,Maricruz,Arnal,postpago,corporativo,41,F
765,Joel,Maestre,prepago,residencial,67,M
766,Hortensia,Bermúdez,prepago,residencial,57,F
767,Martín,Olivares,postpago,residencial,33,M
768,Jafet,Salamanca,prepago,residencial,38,M
769,Noelia,Jerez,postpago,residencial,64,M
770,Heliodoro,Tello,postpago,residencial,22,F
771,Eugenio,Gargallo,postpago,residencial,60,F
772,Amador,Franch,prepago,residencial,52,M
773,Arturo,Linares,prepago,corporativo,70,F
774,Jose Ignacio,Llabrés,prepago,corporativo,42,M
775,Aitana,Cervantes,prepago,corporativo,30,M
776,Emiliana,Canales,postpago,corporativo,51,F
777,Remedios,Heras,prepago,corporativo,61,F
778,María Jesús,Herrera,postpago,corporativo,49,F
779,Camilo,Ayuso,prepago,corporativo,67,F
780,Xavier,Gonzalez,prepago,corporativo,53,M
781,Severino,Guerrero,prepago,residencial,27,F
782,Soraya,Badía,postpago,residencial,57,F
783,Eva,Cabrera,prepago,residencial,36,M
784,Coral,Reyes,prepago,residencial,38,M
785,Guiomar,Murillo,postpago,corporativo,44,M
786,Lina,Sureda,postpago,residencial,59,M
787,Josefina,Cabrera,postpago,corporativo,38,M
788,Rodrigo,Cervantes,postpago,residencial,25,F
789,Ana Belén,Adadia,postpago,residencial,24,F
790,Salomón,Cruz,postpago,residencial,51,F
791,Jose Francisco,Ramírez,prepago,residencial,60,F
792,Eusebio,Tamarit,postpago,corporativo,22,F
793,Gabriela,Tejada,prepago,corporativo,20,M
794,Javiera,Flores,postpago,corporativo,26,F
795,Adelardo,Madrigal,prepago,residencial,29,M
796,Teodora,Montesinos,prepago,corporativo,20,M
797,Maricela,Machado,prepago,corporativo,30,M
798,Rosalinda,Barranco,postpago,residencial,24,F
799,María Luisa,Borrás,postpago,corporativo,49,F
800,Sonia,Guerra,postpago,corporativo,30,F
801,Custodio,Arcos,postpago,corporativo,24,F
802,Melania,Díez,prepago,residencial,20,F
803,Teodoro,Rios,postpago,residencial,54,M
804,Isidoro,Echeverría,postpago,corporativo,59,M
805,Gabriel,Arce,postpago,residencial,42,M
806,Nilda,Puerta,prepago,residencial,60,M
807,Josefa,Valbuena,postpago,corporativo,49,M
808,Aura,Estrada,postpago,corporativo,51,M
809,Abril,Mancebo,postpago,residencial,57,M
810,Aureliano,Arcos,postpago,residencial,62,F
811,Cecilia,Agullo,postpago,corporativo,55,F
812,Josep,Martín,postpago,corporativo,34,M
813,Yéssica,Campo,postpago,residencial,21,M
814,Regina,Naranjo,prepago,corporativo,41,M
815,Domingo,Luís,prepago,corporativo,32,M
816,Yago,Santos,postpago,corporativo,56,F
817,Eliseo,Zamora,prepago,corporativo,63,F
818,Nicolasa,Uribe,postpago,corporativo,22,F
819,Abril,Cañete,prepago,corporativo,18,F
820,Guadalupe,Varela,postpago,corporativo,31,M
821,Bernarda,Solé,postpago,corporativo,59,F
822,Celia,Llamas,postpago,residencial,49,F
823,Dulce,Fernández,postpago,residencial,23,M
824,Maximiliano,Capdevila,prepago,corporativo,47,F
825,Marisol,Muro,postpago,residencial,69,M
826,Tatiana,Cámara,prepago,corporativo,58,M
827,Venceslás,Segarra,prepago,corporativo,21,M
828,Emperatriz,Jimenez,postpago,corporativo,41,M
829,Ofelia,Estrada,prepago,corporativo,53,M
830,Loida,Alcalá,postpago,residencial,65,M
831,Tecla,Navas,prepago,corporativo,44,F
832,Anna,Marquez,postpago,corporativo,70,M
833,Teodosio,Ferrando,prepago,residencial,41,M
834,Paulina,Echevarría,prepago,corporativo,68,M
835,Victoria,Ramirez,postpago,corporativo,63,M
836,Carlota,Roma,prepago,residencial,21,F
837,Victor Manuel,Villalba,prepago,corporativo,70,M
838,Teófila,Mosquera,postpago,corporativo,57,M
839,Federico,Bolaños,postpago,residencial,35,M
840,Mar,Pérez,postpago,residencial,51,F
841,Rosalva,Bustos,postpago,residencial,20,F
842,Aitana,Esteban,prepago,corporativo,64,M
843,Vinicio,Checa,postpago,residencial,22,M
844,Juan Antonio,Tejada,postpago,residencial,37,M
845,Maricruz,Morales,postpago,corporativo,22,M
846,Jose Miguel,Hurtado,postpago,residencial,31,M
847,Priscila,Agudo,prepago,corporativo,51,F
848,Febe,Julián,prepago,corporativo,24,M
849,Leonel,Pla,prepago,residencial,24,F
850,María Dolores,Gutiérrez,postpago,residencial,64,M
851,Mayte,Salom,prepago,residencial,32,M
852,Azahar,Lasa,prepago,corporativo,52,F
853,Amada,Murcia,postpago,corporativo,42,M
854,Eugenia,Matas,prepago,corporativo,30,M
855,Jorge,Alberdi,prepago,residencial,30,M
856,Leonardo,Jurado,postpago,residencial,51,M
857,Valerio,Palomares,prepago,residencial,60,M
858,Casemiro,Guzman,postpago,residencial,33,M
859,Leyre,Barrios,prepago,corporativo,54,F
860,Lucho,Carrasco,prepago,corporativo,58,M
861,Joel,Solana,postpago,residencial,29,M
862,Lalo,Melero,prepago,residencial,53,M
863,Nico,Cuesta,postpago,corporativo,65,F
864,Miguel,Ramirez,postpago,residencial,53,F
865,Teodora,Valverde,postpago,corporativo,44,F
866,Calixta,Mercader,postpago,corporativo,65,M
867,Cecilio,Carpio,prepago,corporativo,24,M
868,Emiliano,Marquez,prepago,residencial,67,M
869,Eutropio,Pedrero,postpago,residencial,58,M
870,Jerónimo,Giner,prepago,residencial,54,M
871,Rodolfo,Gilabert,prepago,residencial,40,M
872,Joaquina,Cañellas,prepago,residencial,61,M
873,Ezequiel,Tejera,prepago,residencial,47,F
874,Lara,Coronado,postpago,residencial,62,M
875,Iker,Sanz,prepago,residencial,60,M
876,Bernardo,Pereira,postpago,corporativo,45,M
877,Severino,Ricart,prepago,corporativo,24,M
878,Saturnino,Sotelo,prepago,residencial,28,F
879,Natalio,Gil,postpago,corporativo,68,F
880,Candela,Huertas,postpago,corporativo,29,M
881,Adelaida,Bilbao,postpago,residencial,53,F
882,Severo,Zaragoza,postpago,corporativo,43,M
883,Bernabé,Salom,prepago,residencial,50,M
884,Hilario,Álvarez,postpago,residencial,39,F
885,Pepita,Pardo,postpago,corporativo,60,F
886,Sosimo,Bermejo,prepago,corporativo,28,F
887,Roque,Caparrós,prepago,corporativo,52,M
888,Verónica,Barrio,postpago,corporativo,56,M
889,María Luisa,Vega,postpago,corporativo,46,F
890,Daniela,Francisco,postpago,residencial,40,M
891,Josefa,Conde,postpago,corporativo,38,F
892,Alex,Córdoba,postpago,corporativo,53,M
893,Rocío,Mosquera,postpago,residencial,38,F
894,Silvia,Viña,postpago,residencial,41,M
895,María Del Carmen,Sala,prepago,corporativo,44,M
896,Coral,Carnero,postpago,corporativo,66,F
897,Ricardo,Fuertes,postpago,corporativo,58,F
898,Albina,Torrijos,prepago,residencial,45,F
899,Adolfo,Bou,prepago,residencial,70,M
900,Pastor,Vicens,postpago,corporativo,64,M
901,Marc,Salinas,postpago,residencial,38,F
902,Marisa,Baquero,postpago,corporativo,56,F
903,Rosario,Santana,postpago,corporativo,33,M
904,Reyna,Catalán,prepago,residencial,54,F
905,Tecla,Vilanova,postpago,residencial,52,F
906,Petrona,Ribes,postpago,corporativo,31,F
907,Simón,Saura,prepago,residencial,42,F
908,Bárbara,Barco,prepago,corporativo,67,F
909,Mariana,Sevilla,postpago,corporativo,53,M
910,Macaria,Mendez,postpago,corporativo,65,F
911,Carina,Almeida,prepago,corporativo,34,F
912,Nereida,Priego,postpago,corporativo,41,F
913,Elisa,Iñiguez,prepago,corporativo,46,M
914,Tomasa,Acero,prepago,residencial,46,M
915,Isidro,Gibert,postpago,corporativo,43,F
916,Amarilis,Beltran,prepago,residencial,18,F
917,Isidoro,Arrieta,prepago,corporativo,64,M
918,Leandro,Roda,prepago,corporativo,20,M
919,Tristán,Ocaña,postpago,residencial,36,F
920,Amalia,Bartolomé,postpago,corporativo,56,M
921,Ambrosio,Barrena,prepago,residencial,19,F
922,Roque,Bayón,postpago,corporativo,51,F
923,Nicodemo,Suarez,prepago,corporativo,26,M
924,Guiomar,Angulo,prepago,corporativo,37,M
925,Iris,Madrid,postpago,corporativo,18,M
926,Nazaret,Rebollo,postpago,corporativo,37,F
927,Sandalio,Escolano,postpago,residencial,32,F
928,Lourdes,Cerdá,prepago,corporativo,31,M
929,Fito,Rivera,prepago,residencial,38,M
930,Priscila,Perelló,prepago,residencial,19,M
931,Adelia,Piñeiro,postpago,corporativo,67,F
932,Zaira,Sanabria,postpago,residencial,70,M
933,Edu,Pina,prepago,residencial,62,F
934,Esther,Peña,postpago,residencial,70,M
935,Bibiana,Bernat,postpago,corporativo,35,F
936,Amando,Cañas,postpago,corporativo,53,M
937,Victoria,Oliveras,postpago,residencial,50,M
938,Rufino,Carrasco,prepago,residencial,53,F
939,Dora,Escalona,postpago,residencial,54,F
940,Cintia,Pozo,prepago,corporativo,54,F
941,Gloria,Ángel,prepago,residencial,27,F
942,Amando,Castejón,prepago,corporativo,24,F
943,Celso,Gisbert,postpago,corporativo,20,F
944,Fernanda,Acevedo,postpago,residencial,47,F
945,Tiburcio,Alsina,prepago,residencial,40,F
946,Elpidio,Martín,postpago,residencial,27,F
947,Roxana,Sierra,prepago,corporativo,26,F
948,Íñigo,Rodrigo,postpago,corporativo,34,M
949,Germán,Pinilla,prepago,corporativo,41,F
950,Aureliano,Gras,postpago,residencial,55,M
951,Juan Bautista,Huertas,postpago,corporativo,33,M
952,Reynaldo,Serna,postpago,corporativo,32,F
953,Nacio,Oliva,postpago,residencial,34,F
954,Héctor,Cortina,postpago,corporativo,69,F
955,Wálter,Llorens,prepago,corporativo,37,M
956,Nacho,Fabregat,prepago,residencial,23,M
957,Nicolás,Carbajo,postpago,corporativo,54,M
958,María,Antón,prepago,residencial,43,M
959,Serafina,Rius,postpago,corporativo,54,M
960,Reynaldo,Alcázar,prepago,corporativo,31,M
961,Leopoldo,Hernandez,prepago,residencial,64,F
962,Marina,Fábregas,postpago,residencial,22,M
963,Paz,Bautista,postpago,corporativo,64,M
964,Tadeo,Cabrero,postpago,corporativo,38,F
965,José Antonio,Aragonés,prepago,residencial,68,F
966,Perlita,Salom,prepago,residencial,48,M
967,Ceferino,Atienza,prepago,corporativo,29,F
968,Adoración,Hierro,prepago,residencial,49,M
969,Alejo,Arregui,postpago,corporativo,70,M
970,Maribel,Quesada,postpago,corporativo,62,F
971,Calista,Ródenas,prepago,corporativo,62,F
972,Baldomero,Guillén,prepago,residencial,54,M
973,Pancho,Gaya,prepago,residencial,70,F
974,Jacobo,Barbero,prepago,corporativo,24,F
975,Florentina,Chaves,postpago,corporativo,56,F
976,Bruno,Vara,postpago,corporativo,59,F
977,Mercedes,Mancebo,postpago,residencial,37,F
978,Florinda,Guillén,postpago,residencial,20,M
979,Apolinar,Montaña,prepago,residencial,64,M
980,Marisela,Montes,postpago,corporativo,69,F
981,Américo,Gálvez,prepago,residencial,54,M
982,Jose Miguel,Matas,postpago,residencial,42,F
983,Heraclio,Clemente,postpago,residencial,23,F
984,Primitiva,Vázquez,postpago,residencial,67,F
985,Alex,Giner,prepago,residencial,21,F
986,Ester,Reyes,postpago,corporativo,67,F
987,Ezequiel,Mas,prepago,residencial,39,F
988,Jorge,Llopis,postpago,corporativo,40,M
989,Edmundo,Barrera,postpago,corporativo,70,M
990,Ainara,Díez,prepago,residencial,45,M
991,Haydée,Roldán,postpago,corporativo,44,F
992,Darío,Valcárcel,prepago,corporativo,25,M
993,Cintia,Arévalo,postpago,residencial,67,F
994,Isaías,Ocaña,postpago,corporativo,32,F
995,Adela,Piquer,prepago,residencial,65,M
996,Juana,Zamorano,postpago,residencial,59,F
997,José María,Montalbán,postpago,corporativo,56,F
998,María Fernanda,Rico,prepago,corporativo,18,F
999,Rafa,Real,prepago,residencial,58,M
1000,Florencio,Company,postpago,corporativo,67,F
1001,Eloísa,Marín,prepago,residencial,58,F
1002,Elvira,Peñalver,prepago,corporativo,42,F
1003,Mariana,Espejo,prepago,corporativo,21,M
1004,Lina,Sáenz,prepago,corporativo,37,M
1005,Darío,Hernando,postpago,residencial,51,F
1006,Mayte,Gomis,prepago,residencial,20,F
1007,Olivia,Mas,prepago,corporativo,38,F
1008,Fernando,Cobos,prepago,residencial,52,F
1009,María,Sierra,prepago,corporativo,54,F
1010,Cándido,Barco,prepago,residencial,27,F
1011,Cristina,Rey,prepago,corporativo,38,F
1012,Amancio,Riera,prepago,corporativo,50,M
1013,Úrsula,Cañete,postpago,corporativo,62,M
1014,Mateo,Pont,prepago,residencial,32,M
1015,Coral,Herrero,prepago,corporativo,27,M
1016,Inés,Jara,postpago,corporativo,21,F
1017,Vilma,Frutos,prepago,residencial,61,F
1018,Remigio,Murillo,prepago,residencial,64,M
1019,Régulo,Bermúdez,postpago,residencial,43,F
1020,Ligia,Sandoval,prepago,residencial,46,F
1021,Heliodoro,Peláez,prepago,corporativo,66,M
1022,Carlos,Bru,prepago,corporativo,56,F
1023,Dora,Farré,prepago,corporativo,54,F
1024,Jessica,Aznar,prepago,residencial,50,F
1025,Paulina,Ledesma,postpago,residencial,23,F
1026,Eulalia,Pi,prepago,corporativo,32,F
1027,Jose Carlos,Ariza,postpago,corporativo,45,M
1028,Cristian,Beltran,prepago,residencial,36,M
1029,Josefina,Fabra,prepago,corporativo,68,M
1030,María Teresa,Gaya,postpago,residencial,43,M
1031,Marcial,Tello,prepago,corporativo,27,F
1032,Remedios,Gallardo,prepago,residencial,26,M
1033,Isaura,Méndez,postpago,residencial,39,M
1034,Eli,Mateo,prepago,corporativo,23,F
1035,Noa,Alcántara,prepago,corporativo,48,M
1036,Dionisio,Galán,postpago,corporativo,54,F
1037,Natividad,Falcón,postpago,corporativo,65,M
1038,Clarisa,Carpio,postpago,corporativo,21,M
1039,Micaela,Tejero,prepago,residencial,53,F
1040,Ariel,Herrera,postpago,corporativo,43,M
1041,Ovidio,Fuente,prepago,residencial,34,F
1042,Berta,Puente,prepago,corporativo,23,F
1043,Tiburcio,Heras,postpago,residencial,43,F
1044,Gisela,Montoya,postpago,residencial,50,F
1045,Raimundo,Luna,prepago,residencial,45,M
1046,Bruno,Pintor,prepago,residencial,67,F
1047,Antonia,Solano,postpago,residencial,62,M
1048,Flora,Palomar,postpago,corporativo,26,F
1049,Néstor,Mendez,postpago,residencial,66,F
1050,Albano,Jurado,prepago,corporativo,26,F
1051,Reina,Palomares,postpago,residencial,48,F
1052,Sosimo,Vilalta,postpago,residencial,53,M
1053,Pacífica,Valencia,prepago,residencial,30,F
1054,Amelia,Solano,prepago,corporativo,49,M
1055,Curro,Cabello,postpago,residencial,43,M
1056,Toribio,Soria,prepago,corporativo,59,F
1057,Porfirio,Montero,prepago,residencial,54,F
1058,Fabiola,Frutos,prepago,residencial,30,F
1059,Tatiana,Peláez,postpago,residencial,53,M
1060,Patricia,Milla,postpago,residencial,57,F
1061,Ángel,Riba,postpago,corporativo,65,F
1062,Laura,Arroyo,postpago,residencial,51,F
1063,Ezequiel,Giralt,postpago,corporativo,33,M
1064,Trinidad,Coello,postpago,corporativo,33,F
1065,Gabriel,Alegre,prepago,corporativo,22,M
1066,Macarena,Julián,prepago,corporativo,35,M
1067,Azahara,Rios,prepago,residencial,67,F
1068,Florina,Marquez,postpago,residencial,45,F
1069,Julián,Corominas,postpago,corporativo,38,M
1070,Encarnación,Ferrández,prepago,corporativo,61,F
1071,Nuria,Murcia,postpago,residencial,54,F
1072,Zaira,Grau,postpago,residencial,23,M
1073,Bárbara,Pino,postpago,residencial,25,M
1074,Matilde,Hoyos,postpago,corporativo,60,M
1075,Alondra,Valera,postpago,residencial,44,F
1076,Adela,Nebot,prepago,residencial,45,F
1077,Tristán,Jiménez,postpago,corporativo,41,M
1078,Paola,Torres,postpago,residencial,40,F
1079,Lupe,Trujillo,postpago,corporativo,30,F
1080,Dora,Serna,postpago,corporativo,38,M
1081,Julio,Diéguez,postpago,corporativo,40,F
1082,Mohamed,Ortuño,prepago,residencial,56,M
1083,Reyes,Dominguez,postpago,corporativo,59,F
1084,Jose Luis,Chaves,prepago,corporativo,19,F
1085,Paulina,Torres,prepago,corporativo,67,F
1086,Chema,Espejo,prepago,corporativo,37,F
1087,León,Barral,prepago,corporativo,28,M
1088,Socorro,Zamora,postpago,corporativo,40,F
1089,Virgilio,Aragón,prepago,residencial,57,F
1090,Jose Francisco,Benavente,postpago,corporativo,70,F
1091,Maricela,Atienza,prepago,residencial,69,F
1092,Abril,Agudo,prepago,corporativo,46,M
1093,Clotilde,Revilla,postpago,corporativo,57,M
1094,Emilia,Cervantes,prepago,residencial,27,M
1095,Guiomar,Guardia,postpago,residencial,46,F
1096,Reynaldo,Bayo,postpago,corporativo,20,M
1097,Nicodemo,Corbacho,postpago,corporativo,70,F
1098,Ambrosio,Agullo,prepago,residencial,32,F
1099,Ana Belén,Gil,postpago,residencial,30,F
1100,Renata,Vega,postpago,residencial,61,M
1101,Moreno,Sarmiento,postpago,residencial,41,M
1102,Germán,Perea,prepago,residencial,27,F
1103,Amarilis,Barrena,prepago,corporativo,66,F
1104,Ibán,Tomas,prepago,residencial,64,M
1105,Pedro,Torrents,postpago,corporativo,23,M
1106,Nayara,Alcázar,prepago,residencial,25,M
1107,Juan,Agudo,prepago,corporativo,65,F
1108,Noé,Reina,postpago,corporativo,21,F
1109,Lino,Albero,postpago,corporativo,33,F
1110,Silvia,Alegria,prepago,corporativo,57,F
1111,Débora,Ávila,postpago,corporativo,27,M
1112,Judith,Llobet,prepago,residencial,70,M
1113,Silvia,Madrid,postpago,residencial,36,F
1114,Leoncio,Alemany,prepago,residencial,18,F
1115,Cayetana,Vallés,postpago,residencial,39,F
1116,Agustín,Ros,prepago,residencial,62,M
1117,Asunción,Escobar,prepago,residencial,69,F
1118,Graciano,Campo,postpago,residencial,25,M
1119,Che,Bárcena,postpago,corporativo,37,F
1120,Jose Antonio,Zamora,postpago,corporativo,46,M
1121,Lola,Comas,postpago,residencial,48,M
1122,Santos,Hernando,prepago,residencial,19,M
1123,Amaya,Fernandez,prepago,corporativo,39,M
1124,Catalina,Zurita,prepago,residencial,31,M
1125,Marta,Iniesta,postpago,corporativo,65,M
1126,Jose Angel,Pablo,prepago,residencial,52,F
1127,Jessica,Lastra,prepago,residencial,31,F
1128,Alba,Puente,prepago,corporativo,31,F
1129,Flavia,Bermúdez,prepago,corporativo,52,F
1130,Leonor,Perea,prepago,residencial,51,F
1131,Amor,Ramis,postpago,residencial,66,M
1132,Victorino,Segovia,postpago,residencial,34,M
1133,Mónica,Hervia,postpago,corporativo,53,M
1134,Ale,Gonzalez,postpago,residencial,48,F
1135,Ciro,Marín,prepago,residencial,57,M
1136,Macario,Berrocal,postpago,residencial,64,M
1137,Ismael,Angulo,postpago,residencial,27,F
1138,Sandalio,Bueno,postpago,residencial,62,F
1139,Jesusa,Ramirez,prepago,corporativo,62,M
1140,Jose Francisco,Pinilla,prepago,corporativo,60,M
1141,Mariano,Pi,prepago,corporativo,19,F
1142,Gracia,Tamarit,prepago,residencial,42,M
1143,Cándida,Barba,prepago,residencial,55,M
1144,Rafa,Agustí,prepago,residencial,60,M
1145,Ainara,Donoso,postpago,residencial,51,F
1146,Carolina,Blanch,postpago,residencial,20,F
1147,Bernarda,Valero,postpago,corporativo,34,M
1148,Omar,Roura,postpago,corporativo,28,F
1149,Teodoro,Muñoz,postpago,residencial,21,F
1150,Marcia,Bustos,postpago,corporativo,36,M
1151,Carmelita,Álvarez,postpago,residencial,30,F
1152,Natalio,Arnau,prepago,residencial,68,M
1153,Pastor,Gras,prepago,residencial,62,M
1154,Julia,Galván,postpago,corporativo,57,M
1155,Wilfredo,Talavera,postpago,corporativo,35,M
1156,Kike,Linares,prepago,corporativo,21,F
1157,Mariano,Artigas,postpago,residencial,47,F
1158,José,Benavente,postpago,residencial,59,M
1159,Jerónimo,Lozano,postpago,corporativo,18,M
1160,Dionisio,Aparicio,prepago,corporativo,22,M
1161,Lorena,Escobar,prepago,corporativo,42,F
1162,Guadalupe,Miranda,postpago,corporativo,60,F
1163,Maximiano,Alcázar,prepago,corporativo,35,F
1164,Dimas,Galan,prepago,corporativo,60,M
1165,Manuelita,Cobos,prepago,corporativo,60,F
1166,Blanca,Puig,postpago,corporativo,41,M
1167,María Belén,Benítez,prepago,residencial,24,M
1168,Jenny,Martínez,prepago,corporativo,19,M
1169,Gil,Cámara,postpago,residencial,36,M
1170,Gregorio,Hernandez,postpago,corporativo,59,M
1171,Inocencio,Porcel,postpago,residencial,42,F
1172,Mamen,Mármol,prepago,residencial,32,F
1173,Alondra,Plana,prepago,residencial,42,F
1174,Leonel,Chaves,postpago,residencial,50,F
1175,Lourdes,Bermudez,postpago,corporativo,63,M
1176,Dolores,Valle,prepago,corporativo,24,F
1177,Martirio,Oliva,prepago,corporativo,38,F
1178,Beatriz,Baeza,postpago,residencial,49,M
1179,Edelmira,Cabañas,prepago,residencial,56,F
1180,Lorenzo,Ruiz,postpago,residencial,52,F
1181,Cornelio,Guerra,prepago,corporativo,23,F
1182,Pepita,Benitez,postpago,residencial,29,M
1183,Guillermo,Niño,prepago,residencial,30,F
1184,Manu,Puente,postpago,residencial,50,M
1185,Javi,Morera,prepago,corporativo,47,F
1186,Poncio,Andreu,postpago,residencial,53,F
1187,Gastón,Llano,prepago,corporativo,63,F
1188,Marciano,Sanjuan,postpago,residencial,19,F
1189,Alberto,Trujillo,postpago,corporativo,20,M
1190,Leandra,Gracia,postpago,residencial,33,M
1191,Bibiana,Pagès,postpago,corporativo,51,M
1192,Edmundo,Perez,postpago,corporativo,37,M
1193,Leocadio,Rosales,prepago,corporativo,39,F
1194,Artemio,Estevez,postpago,corporativo,49,F
1195,Baltasar,Pinto,prepago,corporativo,43,F
1196,Carolina,Boada,postpago,corporativo,65,F
1197,Luís,Marquez,prepago,residencial,28,M
1198,José,Hoz,postpago,residencial,19,M
1199,Edmundo,Beltrán,postpago,corporativo,40,F
1200,Felicia,Blanca,prepago,corporativo,61,F
1201,Ruperta,Leal,postpago,residencial,40,M
1202,Marina,Correa,prepago,corporativo,40,F
1203,Amor,Pinto,prepago,corporativo,58,F
1204,Cristian,Correa,postpago,corporativo,37,F
1205,Salud,Porras,postpago,corporativo,33,M
1206,Albano,Moliner,prepago,residencial,50,M
1207,Consuela,Palomo,postpago,residencial,35,F
1208,Lucas,Campillo,postpago,residencial,69,M
1209,Adora,Bravo,postpago,residencial,21,M
1210,Alejandra,Adadia,prepago,residencial,58,F
1211,Valero,Mendez,postpago,residencial,34,F
1212,Noé,Sales,prepago,residencial,42,F
1213,Gerónimo,Palomino,prepago,residencial,70,M
1214,Aurelio,Lerma,prepago,corporativo,19,F
1215,José Antonio,Calatayud,prepago,residencial,53,M
1216,Rosalva,Cazorla,postpago,residencial,35,F
1217,Ale,Bonet,postpago,residencial,32,F
1218,Danilo,Exposito,prepago,corporativo,27,F
1219,Paca,Rosa,prepago,corporativo,39,F
1220,Berto,Sanchez,prepago,residencial,43,F
1221,Salvador,Vila,prepago,residencial,60,M
1222,Amparo,Raya,postpago,residencial,26,M
1223,Candelario,Calderón,prepago,corporativo,23,F
1224,Corona,Amo,prepago,residencial,64,M
1225,Eva,Borrás,prepago,corporativo,42,F
1226,Itziar,Otero,prepago,residencial,51,F
1227,Balduino,Buendía,prepago,residencial,61,F
1228,Evaristo,Morata,postpago,residencial,57,F
1229,Eustaquio,Plaza,postpago,residencial,58,M
1230,Obdulia,Alberola,postpago,residencial,61,M
1231,Chus,Manzanares,postpago,residencial,32,M
1232,Marco,Riba,postpago,corporativo,44,F
1233,Che,Pons,prepago,corporativo,33,M
1234,Jose Ramón,Blazquez,postpago,corporativo,54,M
1235,Diego,Herrero,prepago,corporativo,27,F
1236,Celestina,Vázquez,postpago,residencial,45,M
1237,María Cristina,Doménech,postpago,residencial,37,F
1238,Sigfrido,Pintor,postpago,corporativo,56,F
1239,Eloísa,Doménech,postpago,corporativo,39,M
1240,Débora,Chamorro,prepago,residencial,46,M
1241,Morena,Leiva,postpago,residencial,52,M
1242,Esperanza,Mascaró,prepago,residencial,26,M
1243,Jaime,Ledesma,postpago,residencial,31,M
1244,Maura,Ureña,postpago,residencial,59,F
1245,Azeneth,Coello,postpago,residencial,26,F
1246,Ricardo,Barroso,prepago,corporativo,55,F
1247,Virgilio,Diego,prepago,corporativo,52,F
1248,Violeta,Royo,postpago,residencial,61,M
1249,Venceslás,Llorente,postpago,corporativo,69,F
1250,Manuel,Robledo,prepago,residencial,30,M
1251,Rosalina,Marí,prepago,residencial,26,F
1252,Dionisia,Tomé,postpago,residencial,37,F
1253,Timoteo,Benítez,postpago,corporativo,62,M
1254,Marcos,Paniagua,prepago,corporativo,63,M
1255,Cloe,Infante,postpago,residencial,51,F
1256,Estela,Huerta,prepago,corporativo,26,F
1257,Benito,Valcárcel,postpago,residencial,45,M
1258,Emilia,Ferrán,postpago,corporativo,67,F
1259,Manola,Seco,prepago,residencial,27,F
1260,Conrado,Campo,prepago,corporativo,59,M
1261,María Carmen,Cerdá,postpago,residencial,54,M
1262,Hipólito,Mayo,prepago,corporativo,28,M
1263,Eufemia,Agudo,postpago,corporativo,38,M
1264,Héctor,Priego,prepago,residencial,22,M
1265,Juan Luis,Márquez,prepago,corporativo,53,F
1266,Gertrudis,Pinto,prepago,residencial,52,M
1267,Ceferino,Mur,prepago,residencial,64,F
1268,Faustino,Sacristán,postpago,residencial,25,M
1269,Jose,Nadal,postpago,residencial,29,M
1270,Fulgencio,Ros,prepago,residencial,38,F
1271,Carmina,Cerdán,postpago,residencial,27,F
1272,Carlito,Mas,postpago,residencial,64,F
1273,Faustino,Montes,postpago,corporativo,19,M
1274,Abilio,Font,postpago,residencial,66,M
1275,Sebastian,Tello,postpago,corporativo,38,F
1276,Virgilio,Miralles,postpago,corporativo,44,M
1277,Jennifer,Elías,prepago,residencial,44,M
1278,Dorotea,Puig,postpago,corporativo,37,M
1279,Adoración,Montaña,prepago,corporativo,46,F
1280,Lupe,Manuel,postpago,residencial,65,F
1281,Anacleto,Tudela,prepago,residencial,70,F
1282,Jesús,Herrera,postpago,residencial,58,M
1283,Luis,Moreno,postpago,corporativo,65,M
1284,Lara,Peñalver,postpago,corporativo,35,M
1285,Lorenzo,Lozano,prepago,corporativo,27,M
1286,Julia,Pozo,postpago,corporativo,67,F
1287,Rosalina,Patiño,prepago,residencial,30,F
1288,Wilfredo,Carbonell,prepago,residencial,24,F
1289,Calisto,Folch,postpago,residencial,26,F
1290,Jacinta,Escolano,postpago,corporativo,29,M
1291,Joaquín,Amores,postpago,residencial,19,F
1292,Ámbar,Serrano,prepago,corporativo,66,M
1293,Juan Luis,Gallego,prepago,corporativo,57,M
1294,Mirta,Ríos,postpago,residencial,57,F
1295,Máxima,Manuel,postpago,residencial,35,M
1296,Eufemia,Bayón,postpago,corporativo,56,F
1297,Dolores,Rebollo,prepago,residencial,54,M
1298,Gisela,Valera,prepago,corporativo,57,F
1299,Nilda,Chaparro,postpago,corporativo,32,M
1300,Hector,Mateo,postpago,residencial,56,M
1301,Teodoro,Herranz,prepago,residencial,32,F
1302,Darío,Iriarte,postpago,corporativo,32,F
1303,Candelas,Correa,postpago,corporativo,61,M
1304,Jafet,Rocha,prepago,corporativo,19,F
1305,Flora,Pi,prepago,residencial,40,M
1306,Eustaquio,Benavent,postpago,corporativo,23,F
1307,Violeta,Sanchez,postpago,corporativo,62,F
1308,Juan Pablo,Tello,prepago,residencial,67,M
1309,Pascuala,Pérez,prepago,residencial,48,M
1310,Erasmo,Velázquez,prepago,residencial,26,F
1311,Calixto,Ripoll,prepago,residencial,50,M
1312,Benito,Arco,prepago,residencial,56,F
1313,Fito,Palomares,postpago,residencial,48,F
1314,Mónica,Blázquez,prepago,corporativo,63,M
1315,Marino,Canales,prepago,corporativo,59,F
1316,Dulce,Hurtado,postpago,corporativo,41,F
1317,Marianela,Padilla,prepago,residencial,29,F
1318,Paloma,Delgado,postpago,corporativo,42,M
1319,Cloe,Arregui,prepago,residencial,49,M
1320,África,Pulido,prepago,corporativo,48,M
1321,Luis,Mármol,prepago,corporativo,26,M
1322,Valentín,Ros,prepago,corporativo,28,F
1323,Edelmiro,Camacho,postpago,corporativo,30,M
1324,Adelina,Alarcón,prepago,corporativo,32,F
1325,Jennifer,Cabello,postpago,residencial,20,F
1326,Marco,Jordán,postpago,residencial,44,M
1327,Juana,Girona,prepago,corporativo,66,M
1328,Samuel,Vicens,postpago,corporativo,18,F
1329,Lalo,Villena,postpago,residencial,35,F
1330,Angelita,Giner,postpago,residencial,44,F
1331,Calista,Salinas,prepago,corporativo,32,F
1332,Ana,Perelló,prepago,corporativo,65,F
1333,Urbano,Posada,postpago,corporativo,60,M
1334,Cecilio,Sierra,postpago,residencial,30,M
1335,Elba,Vall,prepago,residencial,66,M
1336,Aníbal,Contreras,postpago,residencial,31,F
1337,Tamara,Ochoa,postpago,residencial,22,M
1338,Toni,Amat,postpago,residencial,29,F
1339,Macaria,Tolosa,postpago,corporativo,46,F
1340,Mohamed,Calvo,postpago,residencial,57,F
1341,Elisabet,Marqués,postpago,residencial,49,M
1342,Josué,Ricart,prepago,residencial,62,M
1343,Amancio,Boada,prepago,corporativo,38,F
1344,Ciriaco,Carmona,prepago,corporativo,47,F
1345,Jenaro,Cifuentes,postpago,residencial,33,M
1346,Ileana,Olivé,prepago,corporativo,45,F
1347,Piedad,Mesa,postpago,corporativo,43,M
1348,Rosalinda,Novoa,postpago,corporativo,67,F
1349,Coral,Sarabia,prepago,corporativo,20,M
1350,Diana,Gabaldón,prepago,corporativo,56,M
1351,Alfonso,Vázquez,postpago,corporativo,65,F
1352,María Del Carmen,Tomas,prepago,corporativo,70,F
1353,Hortensia,Olivé,prepago,corporativo,42,F
1354,Paca,Tamayo,postpago,residencial,64,F
1355,Julio César,Cabanillas,postpago,corporativo,38,F
1356,Corona,Ríos,prepago,residencial,43,F
1357,Apolinar,Santamaria,postpago,residencial,57,F
1358,María Carmen,Montaña,prepago,corporativo,65,F
1359,Maristela,Bautista,prepago,corporativo,54,F
1360,Gabino,Marín,postpago,corporativo,56,M
1361,Adoración,Arribas,postpago,corporativo,52,F
1362,Aurelia,Cardona,prepago,corporativo,51,F
1363,Florinda,Alsina,postpago,corporativo,59,M
1364,Vasco,Novoa,prepago,residencial,63,F
1365,Yésica,Canales,postpago,residencial,68,M
1366,Leopoldo,Córdoba,postpago,residencial,20,M
1367,Gerardo,Hervás,prepago,corporativo,51,M
1368,Delfina,Villalobos,postpago,residencial,24,M
1369,Tristán,Díaz,prepago,residencial,46,M
1370,Fabiola,Cuesta,postpago,corporativo,47,M
1371,Odalys,Muro,prepago,corporativo,70,M
1372,Amparo,Roldan,prepago,corporativo,20,F
1373,Ciriaco,Sevilla,postpago,residencial,33,F
1374,Adoración,Guardiola,prepago,residencial,51,M
1375,Pablo,Quirós,postpago,corporativo,52,F
1376,Sebastian,Espinosa,prepago,residencial,43,F
1377,Nazario,Estrada,prepago,corporativo,65,M
1378,Miguel Ángel,Rosell,prepago,residencial,20,F
1379,Herminia,Priego,postpago,corporativo,53,M
1380,Cruz,Andres,postpago,corporativo,42,F
1381,Rosa,Figueroa,prepago,residencial,51,F
1382,Felipe,Sancho,postpago,corporativo,66,F
1383,Narciso,Román,postpago,corporativo,58,F
1384,Sergio,Porcel,prepago,residencial,21,F
1385,Joaquina,Acuña,prepago,corporativo,30,M
1386,Ana Sofía,Garmendia,prepago,corporativo,36,M
1387,Luis,Fuster,postpago,residencial,46,M
1388,Gloria,Lopez,prepago,corporativo,43,F
1389,Salvador,Barros,prepago,residencial,37,M
1390,Odalys,Cal,postpago,residencial,67,M
1391,Martirio,Estévez,prepago,residencial,70,F
1392,Carmelita,Paz,postpago,corporativo,36,M
1393,Angelino,Moreno,prepago,corporativo,47,M
1394,Wálter,Figueras,postpago,residencial,28,F
1395,Chus,Seco,prepago,corporativo,45,M
1396,Maxi,Carbonell,prepago,residencial,36,M
1397,José Antonio,Jáuregui,prepago,residencial,57,M
1398,Moisés,Tovar,postpago,corporativo,21,F
1399,David,Álamo,postpago,corporativo,62,M
1400,María Teresa,Millán,prepago,corporativo,51,M
1401,Sancho,Pont,prepago,corporativo,27,F
1402,Rosaura,Poza,postpago,corporativo,47,M
1403,Aroa,Carbonell,prepago,residencial,59,F
1404,Paloma,Oliveras,prepago,corporativo,46,M
1405,Abel,Ortiz,prepago,corporativo,23,F
1406,Gema,Seco,postpago,corporativo,64,M
1407,Ruth,Duque,postpago,corporativo,50,F
1408,Candela,Martorell,prepago,residencial,25,F
1409,Óscar,Blazquez,postpago,corporativo,29,M
1410,Severiano,Cañete,prepago,residencial,67,F
1411,Baltasar,Millán,postpago,residencial,55,M
1412,Godofredo,Carranza,prepago,residencial,62,M
1413,Aura,Gómez,prepago,residencial,52,M
1414,Porfirio,Mayoral,postpago,corporativo,26,F
1415,Esther,Caro,prepago,corporativo,43,F
1416,Maristela,España,prepago,corporativo,44,F
1417,Andrea,Perea,postpago,corporativo,38,F
1418,Eufemia,Cid,postpago,residencial,46,M
1419,Vasco,Vicente,prepago,residencial,19,F
1420,Martirio,Pont,postpago,residencial,29,M
1421,Aurelio,Ripoll,postpago,residencial,47,F
1422,Herminio,Cervera,postpago,corporativo,55,F
1423,Juanito,Pla,prepago,corporativo,63,M
1424,Carmela,Rocha,postpago,corporativo,30,M
1425,Eleuterio,Estevez,prepago,corporativo,47,M
1426,Áurea,Torrecilla,postpago,corporativo,23,F
1427,Lucio,Duran,prepago,corporativo,34,F
1428,Urbano,Diaz,prepago,residencial,38,M
1429,Silvia,Tovar,postpago,residencial,62,M
1430,Jovita,Malo,prepago,residencial,59,F
1431,Amada,Checa,prepago,residencial,63,M
1432,Domingo,Exposito,postpago,corporativo,68,F
1433,Ambrosio,Miranda,postpago,residencial,28,F
1434,Eva María,Sanmartín,prepago,residencial,63,M
1435,Emelina,Baeza,postpago,corporativo,64,M
1436,Nerea,Palomar,postpago,corporativo,25,F
1437,Jose,Agustí,prepago,residencial,23,M
1438,Leire,Tormo,prepago,residencial,25,M
1439,Federico,Cerezo,prepago,residencial,63,M
1440,María,Ferrero,postpago,residencial,46,M
1441,Carmen,Plana,prepago,residencial,58,F
1442,Alberto,Vega,postpago,residencial,41,F
1443,Carmina,Uría,prepago,residencial,23,F
1444,Saturnino,Rebollo,prepago,corporativo,51,M
1445,Ciro,Téllez,prepago,corporativo,63,M
1446,Jafet,Ricart,prepago,corporativo,42,F
1447,Prudencia,Saldaña,postpago,corporativo,64,F
1448,Ximena,Torres,postpago,corporativo,68,F
1449,Danilo,Diego,postpago,corporativo,50,F
1450,Íñigo,Blanch,postpago,residencial,57,M
1451,Desiderio,Anguita,postpago,residencial,28,F
1452,Flora,Giménez,prepago,residencial,42,M
1453,Pepita,Manzano,prepago,corporativo,53,F
1454,Fabio,Antúnez,postpago,residencial,42,M
1455,Andrea,Llobet,postpago,residencial,20,F
1456,Lilia,Gomila,prepago,corporativo,67,F
1457,Lupe,Malo,postpago,corporativo,28,F
1458,Araceli,Diéguez,postpago,residencial,39,F
1459,Julieta,Sebastián,prepago,residencial,54,F
1460,Leandro,Valbuena,postpago,corporativo,60,F
1461,Severo,Vicente,postpago,residencial,27,M
1462,Perlita,Carbajo,postpago,residencial,28,F
1463,Almudena,Carbonell,postpago,corporativo,27,F
1464,Agustina,Leal,postpago,corporativo,29,M
1465,Jose Francisco,Pedraza,postpago,residencial,67,F
1466,Yago,Arnaiz,prepago,residencial,63,F
1467,Carmen,Sainz,postpago,corporativo,21,M
1468,Espiridión,Gil,postpago,corporativo,44,M
1469,Rodolfo,Rodríguez,postpago,residencial,37,F
1470,Graciano,Calatayud,postpago,corporativo,37,F
1471,África,Huertas,prepago,residencial,64,M
1472,Elena,Martorell,postpago,corporativo,67,M
1473,Apolonia,Antúnez,prepago,residencial,46,F
1474,Margarita,Sandoval,postpago,residencial,36,M
1475,Serafina,Jódar,prepago,residencial,58,F
1476,Elías,Olivé,postpago,corporativo,29,F
1477,Rosario,Bonet,postpago,corporativo,25,F
1478,Buenaventura,Saavedra,prepago,corporativo,26,M
1479,Leoncio,Carpio,prepago,corporativo,30,F
1480,María Teresa,Gálvez,postpago,residencial,18,F
1481,Montserrat,Gallego,postpago,residencial,57,M
1482,Ricarda,Orozco,postpago,corporativo,66,M
1483,Severino,Roman,postpago,corporativo,34,F
1484,Noé,Daza,postpago,residencial,18,M
1485,Mirta,Chaparro,prepago,residencial,47,F
1486,Anunciación,Gabaldón,postpago,corporativo,49,F
1487,Juanito,Gabaldón,postpago,residencial,49,M
1488,Otilia,Barranco,postpago,residencial,52,M
1489,Abilio,Orozco,prepago,corporativo,69,M
1490,Lorenzo,Lucas,postpago,corporativo,18,M
1491,Lucila,Diéguez,postpago,residencial,56,F
1492,Marc,Morales,postpago,residencial,49,F
1493,Pilar,Marco,prepago,corporativo,33,M
1494,Diana,Mancebo,prepago,corporativo,31,F
1495,Cruz,Lastra,postpago,residencial,55,F
1496,Georgina,Vilar,postpago,residencial,60,F
1497,Amelia,Bustos,prepago,residencial,48,F
1498,Rosenda,Cerdá,prepago,corporativo,47,M
1499,Eustaquio,Reina,prepago,residencial,44,M
1500,Victoriano,Barranco,postpago,residencial,46,M
1501,Bárbara,Lluch,prepago,residencial,23,F
1502,Alondra,Castañeda,prepago,corporativo,56,M
1503,Onofre,Cazorla,prepago,residencial,56,M
1504,Nazaret,Iborra,prepago,corporativo,18,F
1505,Carmina,Coll,postpago,corporativo,33,M
1506,María Carmen,Montserrat,postpago,residencial,53,M
1507,Candelaria,Huertas,postpago,residencial,35,F
1508,René,Pozo,prepago,corporativo,57,F
1509,Xavier,Tovar,prepago,corporativo,58,F
1510,Modesto,Cisneros,postpago,corporativo,53,F
1511,Ruth,Leiva,postpago,residencial,70,F
1512,Gonzalo,Ribas,postpago,corporativo,70,F
1513,José,Perez,postpago,residencial,31,F
1514,Jorge,Sans,prepago,residencial,21,M
1515,Concha,Benet,prepago,residencial,29,M
1516,Rodolfo,Buendía,postpago,corporativo,27,M
1517,Joaquín,Quintana,postpago,corporativo,21,M
1518,Roberta,Villalba,postpago,residencial,59,F
1519,Maura,Lobo,postpago,residencial,40,M
1520,Segismundo,Peinado,prepago,residencial,20,F
1521,Armando,Sanz,prepago,residencial,27,M
1522,Maximino,Torrents,prepago,residencial,20,M
1523,Marcela,Morán,prepago,corporativo,60,F
1524,Ainara,Acedo,postpago,corporativo,54,M
1525,Julieta,Buendía,postpago,corporativo,56,M
1526,Xiomara,Sedano,prepago,corporativo,37,M
1527,Obdulia,Palma,postpago,residencial,39,F
1528,Rico,Barroso,postpago,residencial,23,F
1529,Rolando,Puga,postpago,residencial,21,F
1530,Gracia,Gibert,prepago,residencial,24,F
1531,Mónica,Román,postpago,corporativo,44,F
1532,Otilia,Galán,postpago,corporativo,29,F
1533,Florinda,Uría,prepago,corporativo,28,F
1534,Evaristo,Ledesma,prepago,residencial,61,F
1535,Ana Sofía,Moraleda,prepago,corporativo,36,M
1536,Angelino,Luque,prepago,residencial,57,M
1537,Edmundo,Nebot,postpago,corporativo,60,M
1538,Ani,Castrillo,prepago,residencial,62,M
1539,Dominga,Toro,postpago,corporativo,62,M
1540,Natanael,Nuñez,prepago,corporativo,56,M
1541,Ruth,Atienza,postpago,corporativo,54,M
1542,Cornelio,Arteaga,postpago,residencial,68,M
1543,Sandra,Cabezas,prepago,corporativo,53,M
1544,Ramona,Segura,postpago,residencial,29,M
1545,Valerio,Alegre,postpago,corporativo,47,F
1546,Cornelio,Casanova,prepago,residencial,65,M
1547,Begoña,Cruz,prepago,corporativo,55,M
1548,Visitación,Sainz,postpago,residencial,41,F
1549,Yago,Sastre,prepago,corporativo,20,M
1550,Albino,Abascal,prepago,corporativo,23,M
1551,Lorenza,Roman,prepago,residencial,67,F
1552,Ernesto,Francisco,prepago,residencial,37,F
1553,Sebastián,Catalán,prepago,corporativo,38,M
1554,Sabina,Matas,postpago,residencial,41,F
1555,Fátima,Cuenca,prepago,corporativo,42,F
1556,Fabián,Lledó,postpago,corporativo,70,M
1557,Carlito,Bueno,postpago,residencial,22,M
1558,Adora,Palomo,postpago,residencial,66,M
1559,Merche,Ibáñez,prepago,corporativo,45,M
1560,Juan Manuel,Blanca,prepago,corporativo,53,F
1561,Nilo,Peral,prepago,corporativo,22,F
1562,Estrella,Dalmau,postpago,corporativo,36,F
1563,Jimena,Azorin,postpago,residencial,48,M
1564,Rómulo,Prieto,postpago,residencial,26,F
1565,Florentina,Mayoral,postpago,residencial,25,M
1566,Cecilio,Guillén,postpago,residencial,62,M
1567,Reyes,Román,prepago,corporativo,35,F
1568,Nando,Bou,prepago,residencial,39,F
1569,Reyes,Bustamante,postpago,residencial,51,M
1570,Ileana,Abella,prepago,residencial,44,F
1571,Rosa María,García,postpago,residencial,51,M
1572,Bibiana,Tapia,postpago,residencial,31,M
1573,Ricardo,Bermejo,postpago,corporativo,62,F
1574,Maximiliano,Cazorla,prepago,corporativo,31,F
1575,Eugenia,Gonzalo,prepago,residencial,57,F
1576,Lina,Vives,prepago,residencial,21,F
1577,Susana,Salgado,postpago,residencial,24,M
1578,Martina,Agustí,prepago,corporativo,54,F
1579,Amarilis,Aguiló,prepago,corporativo,64,F
1580,Salud,Nuñez,prepago,corporativo,58,F
1581,Camila,Carreño,postpago,residencial,51,F
1582,Andrés Felipe,Roca,prepago,residencial,23,M
1583,Esmeralda,Catalán,prepago,corporativo,48,M
1584,Bruno,Tejedor,postpago,corporativo,64,M
1585,Joel,Belda,prepago,residencial,62,F
1586,Evangelina,Granados,postpago,corporativo,56,F
1587,Isaura,Piñol,postpago,residencial,68,M
1588,África,Borrell,prepago,residencial,63,F
1589,Lucio,Calatayud,postpago,residencial,36,F
1590,Javi,Calderón,prepago,residencial,45,F
1591,Margarita,Millán,postpago,residencial,56,M
1592,Cipriano,Pedrero,prepago,corporativo,38,F
1593,Toño,Martínez,postpago,corporativo,34,F
1594,Clímaco,Cerro,prepago,corporativo,51,F
1595,Martirio,Piñeiro,prepago,residencial,54,F
1596,Evita,Cañas,prepago,corporativo,57,M
1597,Juliana,Clavero,prepago,corporativo,40,M
1598,Salud,Bayona,postpago,corporativo,26,F
1599,Cornelio,Aguirre,prepago,corporativo,57,M
1600,Vicente,Córdoba,prepago,residencial,54,F
1601,Flavio,Sacristán,prepago,corporativo,49,F
1602,Joaquina,Ortega,prepago,residencial,51,F
1603,Marcelino,Garcés,postpago,residencial,64,M
1604,Vera,Cordero,prepago,corporativo,58,M
1605,Ambrosio,Requena,postpago,corporativo,49,F
1606,Arturo,Salas,prepago,residencial,49,F
1607,Moreno,Gaya,postpago,corporativo,69,M
1608,Natividad,Bolaños,postpago,corporativo,29,F
1609,Basilio,Cabrera,postpago,residencial,57,F
1610,Lázaro,Chaves,postpago,residencial,32,F
1611,Plinio,Casal,prepago,corporativo,63,F
1612,Reinaldo,Plana,postpago,corporativo,36,F
1613,Tomás,Ortega,postpago,residencial,30,M
1614,Esteban,Román,postpago,corporativo,18,M
1615,Jose Ignacio,Miranda,prepago,residencial,25,F
1616,Bernarda,Chaves,prepago,corporativo,19,M
1617,Sergio,Huguet,prepago,residencial,47,F
1618,Clarisa,Lluch,postpago,residencial,58,M
1619,Isabel,Blasco,postpago,residencial,68,M
1620,Mónica,Hurtado,postpago,residencial,25,M
1621,Geraldo,López,postpago,corporativo,65,M
1622,Francisco,Amor,prepago,corporativo,31,F
1623,Gabino,Mata,postpago,residencial,69,M
1624,Cayetano,Fuertes,prepago,corporativo,57,F
1625,Emilia,Villaverde,postpago,residencial,44,F
1626,Sabina,Vergara,postpago,corporativo,44,F
1627,Roberto,Fabregat,postpago,residencial,20,M
1628,Estefanía,Pou,postpago,corporativo,39,M
1629,Isabela,Marqués,prepago,corporativo,40,M
1630,Jose Angel,Ballester,postpago,residencial,53,M
1631,Anastasia,Heras,prepago,residencial,69,F
1632,Ximena,Uría,postpago,corporativo,58,F
1633,Dalila,Polo,prepago,corporativo,31,F
1634,Eric,Capdevila,postpago,corporativo,18,M
1635,Jesús,Hernando,prepago,corporativo,58,M
1636,Íñigo,Valero,postpago,corporativo,30,M
1637,Felicia,Belda,postpago,residencial,62,M
1638,José Manuel,Álvarez,prepago,corporativo,36,F
1639,Ángel,Albero,prepago,residencial,34,F
1640,José Mari,Paniagua,prepago,residencial,68,M
1641,Griselda,Moliner,prepago,residencial,22,M
1642,Agapito,Catalán,postpago,corporativo,37,M
1643,Trini,Pombo,postpago,corporativo,37,M
1644,Nilda,Rivero,postpago,residencial,50,F
1645,Adela,Pavón,prepago,corporativo,53,F
1646,Valentina,Duque,prepago,residencial,38,F
1647,Lucio,Sotelo,postpago,residencial,67,F
1648,Inés,Beltran,postpago,corporativo,18,M
1649,Carina,Alegria,prepago,corporativo,25,F
1650,Fausto,Bauzà,prepago,corporativo,61,M
1651,Candelario,Alcalá,postpago,residencial,39,M
1652,Vasco,Juárez,postpago,corporativo,39,M
1653,Onofre,Garriga,postpago,residencial,43,F
1654,Diana,Ariño,postpago,residencial,64,F
1655,Marcelino,Barrena,postpago,residencial,54,M
1656,Feliciana,Puig,prepago,corporativo,57,M
1657,Teobaldo,Velázquez,prepago,residencial,19,M
1658,Jenny,Macías,postpago,corporativo,29,M
1659,Josué,Vallejo,postpago,corporativo,30,M
1660,Yago,Ribes,prepago,corporativo,39,M
1661,Ramona,Roda,prepago,corporativo,39,M
1662,Marciano,Quesada,postpago,residencial,61,M
1663,Heliodoro,Blanca,prepago,residencial,48,F
1664,Rodrigo,Corominas,prepago,corporativo,48,M
1665,Reyna,Lobato,postpago,residencial,69,F
1666,Almudena,Blanes,postpago,corporativo,20,F
1667,Custodio,Menendez,postpago,corporativo,59,F
1668,Jordi,Bermúdez,postpago,residencial,26,M
1669,Rico,Vidal,prepago,residencial,48,M
1670,Concha,Frutos,prepago,residencial,27,F
1671,Plinio,Cortés,postpago,residencial,58,F
1672,Consuelo,Morillo,prepago,corporativo,47,M
1673,Manolo,Portillo,postpago,residencial,52,M
1674,Juana,Batalla,postpago,corporativo,39,M
1675,Manolo,Menéndez,postpago,corporativo,47,F
1676,Alfredo,Ruiz,postpago,residencial,68,F
1677,Paula,Gómez,prepago,residencial,70,M
1678,Genoveva,Barco,postpago,corporativo,44,M
1679,Ruy,Hidalgo,prepago,corporativo,65,F
1680,Leonardo,Boix,prepago,corporativo,21,F
1681,Adán,Rovira,postpago,residencial,51,F
1682,Clarisa,Carmona,postpago,residencial,37,M
1683,Rosaura,Santana,prepago,corporativo,54,M
1684,Itziar,Ballesteros,postpago,residencial,64,F
1685,Mayte,Mendoza,postpago,residencial,61,F
1686,Marcela,Echevarría,postpago,residencial,38,F
1687,Augusto,Carreras,prepago,corporativo,53,F
1688,Visitación,Alberola,prepago,residencial,52,M
1689,Eloísa,Cervantes,prepago,residencial,19,M
1690,Marcia,Alberdi,postpago,residencial,31,F
1691,Anabel,Céspedes,postpago,corporativo,54,M
1692,Pepita,Valderrama,postpago,residencial,61,M
1693,Vera,Oliver,postpago,corporativo,39,F
1694,Vanesa,Zabala,prepago,residencial,69,F
1695,Luciano,Villar,prepago,corporativo,68,F
1696,Maura,Jove,postpago,corporativo,40,F
1697,Nerea,Diaz,prepago,corporativo,22,F
1698,Jeremías,Peral,prepago,corporativo,27,M
1699,Elvira,Castañeda,prepago,corporativo,35,F
1700,Nidia,Leiva,prepago,corporativo,19,M
1701,Pastor,Carranza,postpago,corporativo,39,M
1702,Isidoro,Andreu,postpago,residencial,42,M
1703,Fanny,Naranjo,postpago,corporativo,58,M
1704,Goyo,Román,prepago,corporativo,52,F
1705,Estela,Lladó,prepago,residencial,28,F
1706,Josué,Zabaleta,postpago,corporativo,54,F
1707,Irene,Bartolomé,postpago,corporativo,56,M
1708,Marisol,Jódar,prepago,corporativo,42,F
1709,Lorena,Benítez,postpago,residencial,29,M
1710,María Fernanda,Valderrama,postpago,residencial,56,F
1711,Georgina,Sarabia,postpago,corporativo,25,M
1712,Isa,Vicente,postpago,corporativo,68,M
1713,Pili,Palomino,postpago,corporativo,66,M
1714,Emigdio,Baquero,postpago,corporativo,37,F
1715,Eusebia,Valero,prepago,corporativo,63,F
1716,Cleto,Diaz,postpago,residencial,38,F
1717,Vera,Pedro,postpago,corporativo,63,F
1718,Eulalia,Criado,prepago,corporativo,20,F
1719,Flavia,Jara,postpago,residencial,35,F
1720,Aníbal,Calderon,postpago,residencial,44,M
1721,Martin,Carlos,prepago,residencial,23,F
1722,Modesta,Gracia,postpago,residencial,49,M
1723,Valero,Verdú,postpago,residencial,33,F
1724,Anastasio,Acedo,prepago,residencial,41,F
1725,Cruz,Arregui,prepago,residencial,46,M
1726,Pánfilo,Alberola,postpago,corporativo,37,F
1727,Lupita,Hidalgo,prepago,residencial,31,F
1728,Eleuterio,Arteaga,postpago,corporativo,51,F
1729,Cipriano,Suarez,prepago,corporativo,37,M
1730,Virginia,Pascual,prepago,corporativo,29,F
1731,Manolo,Piñol,prepago,corporativo,25,M
1732,Nacho,Conesa,prepago,corporativo,41,M
1733,Mariana,Escamilla,prepago,residencial,68,F
1734,Severo,Aranda,prepago,corporativo,20,F
1735,Gabino,Rius,postpago,residencial,67,M
1736,Herberto,Gomez,postpago,residencial,30,F
1737,Eligio,Montserrat,postpago,corporativo,23,M
1738,Miriam,Hurtado,prepago,residencial,46,M
1739,Calista,Rico,postpago,residencial,50,F
1740,Sarita,Montero,prepago,residencial,19,F
1741,Pío,Linares,postpago,residencial,69,M
1742,Bernarda,Bermejo,postpago,corporativo,48,M
1743,Angélica,Peralta,prepago,residencial,50,M
1744,Xiomara,Carreras,prepago,corporativo,27,F
1745,Leandro,Vallés,prepago,corporativo,30,M
1746,Paulina,Badía,postpago,corporativo,39,F
1747,Fidel,Escobar,postpago,residencial,48,F
1748,José Ángel,Godoy,postpago,residencial,64,M
1749,Xiomara,Villalobos,postpago,corporativo,51,M
1750,Paloma,Arteaga,prepago,residencial,37,F
1751,Alma,Quero,postpago,residencial,67,F
1752,Noelia,Bayón,postpago,corporativo,38,F
1753,Manolo,Sola,postpago,corporativo,27,M
1754,Margarita,Lumbreras,postpago,corporativo,67,M
1755,Sabina,Mercader,postpago,corporativo,24,M
1756,Nilo,Morán,prepago,corporativo,70,F
1757,Nilda,Boix,prepago,residencial,51,F
1758,Darío,Saura,postpago,corporativo,61,M
1759,Adelina,Aguiló,postpago,residencial,26,F
1760,Carlos,Peinado,prepago,corporativo,31,F
1761,Epifanio,Fonseca,postpago,residencial,64,M
1762,Marisela,Manzanares,postpago,corporativo,20,M
1763,Jaime,Mateu,prepago,residencial,47,F
1764,Rosalina,Herrera,postpago,corporativo,42,F
1765,Inmaculada,Simó,postpago,corporativo,63,F
1766,Lourdes,Pedrosa,postpago,corporativo,51,M
1767,Ileana,Uriarte,postpago,corporativo,25,F
1768,Régulo,Ferrán,postpago,residencial,18,M
1769,Raquel,Higueras,postpago,corporativo,37,M
1770,Nilda,Contreras,prepago,corporativo,20,F
1771,Cecilia,Agudo,postpago,corporativo,61,M
1772,Pío,Redondo,postpago,corporativo,56,F
1773,Cipriano,Alvarez,postpago,residencial,23,F
1774,Morena,Guijarro,prepago,corporativo,39,M
1775,Ruperto,Olivares,postpago,residencial,47,M
1776,Alberto,Agustí,prepago,corporativo,20,F
1777,Juan Luis,Naranjo,postpago,residencial,24,F
1778,Brunilda,Abella,prepago,corporativo,51,M
1779,Duilio,Peñalver,postpago,corporativo,67,M
1780,Wálter,Meléndez,postpago,residencial,60,M
1781,Rafa,Calleja,postpago,residencial,65,F
1782,Hortensia,Fuertes,postpago,residencial,37,M
1783,Marianela,Gárate,prepago,corporativo,19,F
1784,Hortensia,Rivas,prepago,corporativo,54,M
1785,Juan Francisco,Téllez,postpago,corporativo,66,F
1786,Daniela,Barreda,postpago,residencial,37,M
1787,Rico,Cisneros,prepago,corporativo,58,F
1788,Pacífica,Losada,prepago,corporativo,31,F
1789,Felicia,Buendía,prepago,residencial,38,F
1790,Ramiro,Arranz,prepago,residencial,30,F
1791,Cándido,Guardiola,prepago,residencial,30,F
1792,Imelda,Vizcaíno,prepago,residencial,36,F
1793,Joaquín,Rey,prepago,residencial,35,F
1794,Adriana,Perales,prepago,corporativo,52,F
1795,Amador,Sedano,prepago,residencial,38,F
1796,Estefanía,Blazquez,postpago,residencial,67,M
1797,Soledad,Bustos,postpago,residencial,46,M
1798,Chelo,Vega,postpago,corporativo,60,M
1799,Nacio,Cañellas,prepago,corporativo,25,F
1800,Yolanda,Prado,prepago,residencial,35,F
1801,Emilia,Benavides,prepago,corporativo,27,M
1802,Ismael,Barrios,prepago,corporativo,28,M
1803,Flora,Royo,postpago,residencial,35,M
1804,Bernardino,Castrillo,postpago,residencial,25,F
1805,Fabiola,Guzmán,postpago,residencial,18,F
1806,Palmira,Manzanares,prepago,corporativo,57,M
1807,Abril,Julián,postpago,residencial,53,M
1808,Virginia,Miró,postpago,residencial,50,F
1809,Juanita,Pozo,postpago,residencial,24,M
1810,Marciano,Morera,prepago,residencial,31,F
1811,Florencia,Monreal,prepago,residencial,52,M
1812,Sebastian,Santamaría,prepago,residencial,40,M
1813,Demetrio,Llabrés,prepago,residencial,53,F
1814,Enrique,Guillen,prepago,corporativo,38,F
1815,Artemio,Benavente,postpago,corporativo,35,M
1816,Anselmo,Franco,prepago,corporativo,27,M
1817,Marco,Cerdán,prepago,residencial,63,M
1818,América,Canales,postpago,corporativo,69,F
1819,David,Cortés,postpago,corporativo,36,F
1820,Cleto,Camacho,prepago,residencial,54,F
1821,Joel,Córdoba,postpago,corporativo,33,F
1822,Susana,Sancho,prepago,corporativo,28,F
1823,Brígida,Solano,prepago,corporativo,22,F
1824,Elpidio,Miralles,postpago,corporativo,37,M
1825,Román,Ramos,prepago,residencial,57,M
1826,Wilfredo,Carrillo,postpago,corporativo,39,M
1827,Raimundo,Palma,postpago,corporativo,52,F
1828,Herminia,Galiano,postpago,residencial,46,M
1829,Manuelita,Sans,postpago,residencial,21,F
1830,Josefina,Mendez,prepago,corporativo,26,F
1831,Calixta,Sierra,postpago,residencial,19,M
1832,Simón,Landa,postpago,residencial,48,M
1833,Diana,Carretero,prepago,corporativo,61,F
1834,Manuelita,Botella,prepago,residencial,21,M
1835,Lucía,Criado,postpago,corporativo,24,M
1836,Fabián,Mayo,prepago,residencial,42,F
1837,Sonia,Arjona,postpago,corporativo,21,M
1838,Severino,Garrido,postpago,residencial,23,M
1839,Fátima,Mosquera,prepago,residencial,45,F
1840,Conrado,Colomer,prepago,corporativo,43,F
1841,Perla,Bou,postpago,corporativo,29,F
1842,Amelia,Hurtado,postpago,corporativo,63,F
1843,Encarnación,Pagès,prepago,corporativo,56,F
1844,Saturnino,Prieto,prepago,residencial,55,F
1845,Lino,Vilanova,postpago,corporativo,58,F
1846,Anacleto,Avilés,postpago,corporativo,62,M
1847,Jenny,Martínez,postpago,corporativo,62,M
1848,Raimundo,Juan,prepago,residencial,46,F
1849,Isaac,Dávila,postpago,residencial,57,F
1850,Vicente,Anguita,prepago,corporativo,40,F
1851,Victor,Quiroga,prepago,corporativo,37,M
1852,Jonatan,Santamaria,prepago,residencial,39,F
1853,Rita,Iborra,postpago,corporativo,70,M
1854,Primitivo,Busquets,postpago,corporativo,30,F
1855,Conrado,Sevilla,prepago,residencial,63,F
1856,Itziar,Cal,prepago,residencial,66,M
1857,Quirino,Chaves,postpago,corporativo,60,F
1858,Candelas,Carrión,postpago,corporativo,69,F
1859,Valeria,Albero,prepago,corporativo,52,M
1860,Filomena,Barrio,postpago,residencial,23,F
1861,Plinio,Girón,postpago,residencial,66,F
1862,Benjamín,Castrillo,postpago,residencial,66,M
1863,Rómulo,Figuerola,postpago,residencial,47,M
1864,Leoncio,Pérez,prepago,corporativo,54,M
1865,Goyo,Perales,postpago,corporativo,26,F
1866,Donato,Blasco,postpago,residencial,23,M
1867,Regina,Jove,prepago,corporativo,70,M
1868,Palmira,Benavides,prepago,residencial,69,M
1869,Wálter,Almeida,prepago,residencial,62,M
1870,Ciriaco,Barón,postpago,corporativo,47,M
1871,Gloria,Figueroa,postpago,residencial,24,F
1872,Ibán,Salcedo,prepago,residencial,47,M
1873,Felisa,Castells,postpago,residencial,37,M
1874,Feliciana,Briones,postpago,corporativo,61,M
1875,Edelmira,Mármol,prepago,residencial,59,M
1876,Alfonso,Carvajal,postpago,residencial,63,F
1877,Aureliano,Arnau,postpago,corporativo,67,M
1878,Miriam,Serra,prepago,residencial,47,M
1879,Nazario,Ayuso,prepago,residencial,48,F
1880,Jose Francisco,Diéguez,prepago,residencial,32,M
1881,Edgardo,Rosselló,postpago,residencial,32,F
1882,Miriam,Prat,prepago,residencial,27,F
1883,Clara,Valderrama,postpago,corporativo,57,M
1884,Hernán,Andreu,postpago,corporativo,34,F
1885,Bruno,Piñeiro,postpago,residencial,41,M
1886,Paula,Roldan,postpago,corporativo,43,F
1887,María Del Carmen,Duque,prepago,corporativo,29,F
1888,Casandra,Otero,prepago,corporativo,62,M
1889,Hipólito,Garmendia,prepago,residencial,60,F
1890,Delia,Exposito,postpago,corporativo,39,M
1891,Inocencio,Llopis,postpago,corporativo,68,F
1892,Odalis,Losada,prepago,corporativo,38,F
1893,Ruth,Salmerón,prepago,corporativo,47,F
1894,Joan,Comas,prepago,residencial,49,M
1895,Nando,Aramburu,prepago,corporativo,19,M
1896,María Ángeles,Hoyos,prepago,corporativo,22,M
1897,Eusebio,Marquez,prepago,residencial,48,M
1898,Modesta,Valenzuela,postpago,residencial,25,F
1899,Valentina,Requena,postpago,corporativo,40,M
1900,Débora,Tello,prepago,residencial,48,M
1901,Abilio,Barrera,prepago,residencial,47,F
1902,Leonel,Bonilla,postpago,residencial,28,M
1903,Rosa María,Losa,prepago,corporativo,36,M
1904,Espiridión,Piñol,postpago,corporativo,67,F
1905,Eladio,Cervantes,prepago,residencial,40,F
1906,Calixta,Rius,postpago,corporativo,56,M
1907,Josué,Flores,prepago,corporativo,54,M
1908,Nazaret,Zaragoza,postpago,corporativo,26,F
1909,Félix,Ibañez,postpago,corporativo,50,M
1910,Damián,Aliaga,prepago,corporativo,24,M
1911,Gertrudis,Piñeiro,postpago,corporativo,43,M
1912,Roxana,Palomar,postpago,corporativo,70,F
1913,Amancio,Tena,prepago,corporativo,63,F
1914,Eleuterio,Tormo,postpago,corporativo,68,M
1915,Albino,Núñez,postpago,corporativo,24,F
1916,Pepito,Vallés,prepago,residencial,38,M
1917,Montserrat,Montoya,prepago,corporativo,53,F
1918,Modesta,Pont,prepago,residencial,59,F
1919,Jordán,León,prepago,corporativo,22,F
1920,Dionisia,Escolano,postpago,residencial,68,F
1921,Moisés,Amo,postpago,corporativo,37,M
1922,Alcides,Montaña,prepago,corporativo,52,M
1923,Félix,Gilabert,prepago,residencial,47,M
1924,Juan Manuel,Andreu,prepago,residencial,43,M
1925,Baldomero,Lucas,postpago,residencial,55,M
1926,Edmundo,Barragán,prepago,corporativo,44,F
1927,Manuela,Suarez,postpago,corporativo,33,F
1928,Tadeo,Ávila,postpago,residencial,57,M
1929,Begoña,Pallarès,prepago,corporativo,33,F
1930,Danilo,Guerrero,prepago,corporativo,53,M
1931,Marcia,Cuervo,postpago,residencial,28,F
1932,Bernardo,Cabrera,postpago,corporativo,48,F
1933,Alba,Huguet,postpago,residencial,42,F
1934,Vidal,Hernando,postpago,residencial,22,M
1935,Mayte,Larrea,postpago,corporativo,39,F
1936,Porfirio,Barba,postpago,corporativo,31,M
1937,Armida,Gimenez,prepago,residencial,70,F
1938,Dorita,Pont,prepago,residencial,62,M
1939,César,Pacheco,postpago,corporativo,55,M
1940,Vito,Durán,prepago,corporativo,45,F
1941,Anita,Echeverría,prepago,corporativo,68,M
1942,Ismael,Guzmán,postpago,corporativo,45,M
1943,Encarnacion,Monreal,prepago,residencial,54,M
1944,Armando,Palmer,prepago,corporativo,68,F
1945,Lucía,Anaya,prepago,corporativo,39,F
1946,Miguela,Ortiz,prepago,corporativo,52,F
1947,Violeta,Cisneros,postpago,residencial,62,M
1948,Roxana,Fabra,postpago,corporativo,33,M
1949,Genoveva,Ugarte,postpago,corporativo,29,M
1950,Azahar,Mendizábal,postpago,corporativo,60,F
1951,Marcial,Echevarría,prepago,residencial,60,M
1952,Álvaro,Trujillo,prepago,corporativo,22,M
1953,Fernanda,Arellano,postpago,corporativo,65,F
1954,Américo,Bosch,postpago,residencial,63,F
1955,Benjamín,Barbero,prepago,residencial,54,M
1956,Alejandra,Guerrero,postpago,residencial,49,M
1957,Rebeca,Gilabert,prepago,corporativo,25,F
1958,Samu,Aller,prepago,residencial,55,F
1959,Teodosio,Zurita,prepago,corporativo,56,M
1960,Itziar,Tejedor,postpago,residencial,47,M
1961,Cándido,Abascal,prepago,residencial,38,M
1962,Amor,Mármol,prepago,residencial,53,F
1963,Leticia,Fortuny,prepago,corporativo,24,F
1964,Virginia,Castrillo,prepago,residencial,70,F
1965,Vicente,Niño,prepago,corporativo,46,F
1966,Candelario,Elías,prepago,residencial,29,F
1967,Trini,Morales,postpago,residencial,37,M
1968,Cecilio,Barranco,prepago,corporativo,43,F
1969,Modesto,Almeida,prepago,corporativo,22,M
1970,Ema,Coloma,prepago,residencial,56,M
1971,Eusebio,Cifuentes,postpago,residencial,24,M
1972,Blas,Cantero,postpago,residencial,61,F
1973,Edmundo,Zorrilla,prepago,corporativo,70,M
1974,Leonardo,Patiño,prepago,corporativo,56,F
1975,Etelvina,Belmonte,prepago,corporativo,67,M
1976,Evita,Pereira,prepago,corporativo,70,M
1977,Delfina,Priego,postpago,corporativo,42,F
1978,Carlota,Cabrero,prepago,residencial,38,F
1979,Leticia,Navarro,postpago,corporativo,49,M
1980,Moreno,Matas,postpago,residencial,59,F
1981,Rico,Mora,prepago,residencial,60,F
1982,Edelmira,Cerezo,postpago,residencial,21,F
1983,Bernarda,Criado,prepago,corporativo,23,F
1984,Macario,Rueda,prepago,corporativo,31,F
1985,Wilfredo,Torrens,postpago,residencial,70,M
1986,Anselma,Molins,postpago,residencial,26,F
1987,Elodia,Dávila,postpago,residencial,55,F
1988,Tito,Palacios,prepago,residencial,66,M
1989,Conrado,Godoy,prepago,residencial,58,F
1990,Nadia,Echevarría,postpago,residencial,69,F
1991,Judith,Pineda,postpago,residencial,18,M
1992,Darío,Melero,prepago,corporativo,66,M
1993,Reyna,Mariño,postpago,residencial,27,M
1994,Fátima,Castejón,postpago,residencial,60,F
1995,Florina,Elías,postpago,corporativo,27,M
1996,Saturnina,Abellán,postpago,residencial,46,M
1997,María José,Posada,postpago,residencial,52,M
1998,Carmen,Antúnez,prepago,residencial,36,F
1999,Lorena,Espada,postpago,residencial,42,F
2000,Rosenda,Monreal,postpago,residencial,57,F
